industry,work_key,invest_key
Business-to-Business Software,software solutions | business applications | enterprise tools | cloud services | data analytics | cybersecurity measures | network infrastructure | system integrations | digital transformation | IT consulting,cloud infrastructure | raw materials | manufacturing equipment | logistics software | cybersecurity tools | network hardware | data storage systems | system integrations | IT consulting services | digital marketing platforms
Enterprise Software,software applications | business solutions | enterprise tools | cloud infrastructure | data analytics | cybersecurity measures | system integrations | IT consulting | digital transformation | network infrastructure,cloud infrastructure | raw materials | manufacturing equipment | logistics software | cybersecurity tools | network hardware | data storage systems | system integrations | IT consulting services | digital marketing platforms
Cloud Computing,cloud services | data analytics | cybersecurity measures | network infrastructure | system integrations | IT consulting | digital transformation | cloud infrastructure | data storage systems | network hardware,cloud infrastructure | raw materials | manufacturing equipment | logistics software | cybersecurity tools | network hardware | data storage systems | system integrations | IT consulting services | digital marketing platforms
Infrastructure Software,infrastructure tools | system integrations | IT consulting | digital transformation | cloud infrastructure | data storage systems | network hardware | cybersecurity measures | data analytics | network infrastructure,cloud infrastructure | raw materials | manufacturing equipment | logistics software | cybersecurity tools | network hardware | data storage systems | system integrations | IT consulting services | digital marketing platforms
Developer Tools,software development | developer tools | coding frameworks | testing platforms | version control | debugging tools | development environments | coding languages | software testing | development workflows,cloud infrastructure | raw materials | manufacturing equipment | logistics software | cybersecurity tools | network hardware | data storage systems | system integrations | IT consulting services | digital marketing platforms
DevOps,software deployment | infrastructure management | cloud services | application monitoring | release automation | continuous integration | continuous delivery | agile methodologies | devops tools | it infrastructure,cloud infrastructure | raw materials | manufacturing equipment | logistics software | networking hardware | cybersecurity services | data analytics tools | collaboration platforms | project management software | it consulting services
DevSecOps,software security | infrastructure protection | cloud security | application vulnerability | release compliance | continuous monitoring | security testing | devsecops tools | it governance | cybersecurity frameworks,cybersecurity software | threat intelligence services | incident response | security consulting | compliance platforms | identity access management | access control systems | penetration testing tools | security information systems | risk management software
MLOps,machine learning models | data pipelines | model deployment | ai applications | predictive analytics | data science tools | model management | ai infrastructure | data engineering | ml platforms,data storage systems | ai hardware | machine learning software | data analytics tools | cloud computing services | data visualization platforms | collaboration software | project management tools | it consulting services | data security solutions
Artificial Intelligence,ai applications | machine learning models | natural language processing | computer vision | predictive analytics | ai infrastructure | data engineering | ai software | ml platforms | data science tools,ai hardware | machine learning software | data analytics tools | cloud computing services | data storage systems | data visualization platforms | collaboration software | project management tools | it consulting services | data security solutions
Machine Learning,machine learning models | data pipelines | model deployment | ai applications | predictive analytics | data science tools | model management | ai infrastructure | data engineering | ml platforms,machine learning software | data analytics tools | cloud computing services | data storage systems | ai hardware | data visualization platforms | collaboration software | project management tools | it consulting services | data security solutions
Generative AI,AI models | text generation | image synthesis | machine learning | deep learning | neural networks | natural language | computer vision | predictive analytics | data simulation,GPU infrastructure | cloud computing | high-performance storage | data analytics software | machine learning frameworks | neural network libraries | data simulation tools | AI training data | cloud services | data center infrastructure
AI Infrastructure,AI platforms | machine learning | deep learning | neural networks | natural language processing | computer vision | predictive analytics | data simulation | cloud infrastructure | data center operations,GPU servers | cloud storage | high-performance networking | machine learning frameworks | neural network libraries | data simulation tools | AI training data | cloud services | data center equipment | power generation
Data Analytics,data insights | business intelligence | data visualization | predictive analytics | data mining | data warehousing | data integration | data quality | data governance | data security,data analytics software | business intelligence tools | data visualization platforms | data mining tools | data warehousing solutions | data integration platforms | data quality management | data governance frameworks | data security solutions | cloud storage
Business Intelligence,business insights | data visualization | predictive analytics | data mining | data warehousing | data integration | data quality | data governance | data security | key performance indicators,business intelligence tools | data visualization platforms | data mining software | data warehousing solutions | data integration platforms | data quality management | data governance frameworks | data security solutions | cloud storage | data analytics software
Data Engineering,data pipelines | data architecture | data integration | data quality | data governance | data security | data warehousing | data mining | predictive analytics | data visualization,data integration platforms | data quality management | data governance frameworks | data security solutions | cloud storage | data analytics software | data warehousing solutions | data mining tools | data visualization platforms | data engineering tools
Data Management,data storage | data analytics | data processing | data backup | data recovery | data migration | data governance | data compliance | data quality | data integration,cloud infrastructure | data centers | storage systems | network equipment | server hardware | data software | database tools | backup solutions | recovery services | data analytics platforms
Cybersecurity,cyber threats | security breaches | network attacks | data protection | security measures | threat intelligence | incident response | security audits | vulnerability management | security compliance,security software | firewall systems | intrusion detection | security consulting | penetration testing | security training | incident response services | security equipment | threat intelligence platforms | security analytics
Identity and Access Management,user identities | access controls | identity management | user authentication | access governance | identity analytics | access management | identity compliance | user provisioning | access reviews,identity software | directory services | access management tools | identity verification | authentication services | access governance platforms | identity analytics solutions | access management systems | identity compliance tools | user provisioning services
Network Security,network threats | security breaches | network attacks | data protection | security measures | threat intelligence | incident response | security audits | vulnerability management | security compliance,network equipment | firewall systems | intrusion detection | security consulting | penetration testing | security training | incident response services | security software | threat intelligence platforms | security analytics
Endpoint Security,endpoint threats | security breaches | endpoint attacks | data protection | security measures | threat intelligence | incident response | security audits | vulnerability management | security compliance,endpoint software | antivirus systems | intrusion detection | security consulting | penetration testing | security training | incident response services | security equipment | threat intelligence platforms | security analytics
Cloud Security,cloud services | security solutions | data protection | cybersecurity | threat detection | incident response | compliance management | access control | identity verification | network monitoring,cloud infrastructure | security software | cybersecurity tools | network equipment | data storage | firewalls | intrusion detection | antivirus solutions | encryption technology | identity access management
Application Security,application development | software testing | security auditing | vulnerability assessment | penetration testing | code review | security compliance | risk management | incident response | security training,security software | development tools | testing equipment | security consulting | risk assessment | compliance services | security training | penetration testing tools | vulnerability scanning | code analysis
No-Code and Low-Code Platforms,software development | application creation | low-code solutions | no-code platforms | digital transformation | business automation | process optimization | application integration | data management | business process management,development tools | integration software | low-code platforms | no-code tools | cloud infrastructure | data storage | application servers | integration services | business process management software | data analytics
API Technology,api development | api integration | api management | api security | api governance | api analytics | api monetization | api design | api testing | api deployment,api software | integration tools | api gateways | api security tools | api analytics software | api management platforms | api testing tools | api design tools | api deployment tools | api monitoring software
Integration Platforms,data integration | application integration | system integration | process automation | business process management | data management | application servers | integration services | data analytics | business intelligence,integration software | data storage | application servers | integration services | data analytics software | business intelligence tools | data management platforms | application integration tools | system integration software | process automation tools
Enterprise Resource Planning,business software | resource planning | enterprise systems | system integration | process automation | data management | business intelligence | resource optimization | system implementation | process management,cloud infrastructure | software licenses | hardware equipment | network infrastructure | data storage | cybersecurity tools | system maintenance | consulting services | training programs | software development
Customer Relationship Management Software,customer data | relationship management | customer insights | sales automation | customer engagement | customer experience | customer support | customer feedback | customer analytics | customer service,customer data platforms | sales intelligence tools | marketing automation | customer service software | communication platforms | data analytics tools | customer feedback systems | sales enablement tools | customer success platforms | customer experience software
Revenue Intelligence,revenue growth | sales performance | revenue management | sales analytics | revenue forecasting | sales strategy | revenue optimization | sales insights | revenue reporting | sales metrics,sales intelligence tools | data analytics software | sales enablement platforms | revenue management software | sales forecasting tools | sales performance metrics | revenue optimization software | sales analytics tools | sales strategy platforms | revenue reporting tools
Conversation Intelligence,conversation insights | sales conversations | conversation analysis | sales performance | conversation data | sales analytics | conversation intelligence | sales insights | conversation metrics | sales reporting,conversational AI platforms | sales intelligence tools | conversation analytics software | sales enablement platforms | conversation data platforms | sales performance metrics | conversation intelligence tools | sales strategy platforms | conversation reporting tools | sales analytics software
Sales Engagement,sales engagement | sales performance | sales strategy | sales analytics | sales insights | sales metrics | sales reporting | sales enablement | sales optimization | sales productivity,sales intelligence tools | sales enablement platforms | sales analytics software | sales strategy platforms | sales performance metrics | sales optimization software | sales productivity tools | sales reporting tools | sales analytics tools | sales engagement software
Sales Intelligence,sales data | intelligence reports | customer insights | market trends | sales analytics | customer profiling | sales forecasting | lead generation | sales performance | customer engagement,data analytics tools | machine learning software | cloud infrastructure | data storage solutions | cybersecurity services | data integration platforms | artificial intelligence | data visualization tools | big data solutions | data management systems
Intent Data,intent signals | customer behavior | purchase intent | market research | customer insights | intent analytics | customer profiling | purchase forecasting | customer engagement | sales intelligence,machine learning software | data analytics tools | cloud infrastructure | data storage solutions | cybersecurity services | data integration platforms | artificial intelligence | data visualization tools | big data solutions | data management systems
Account-Based Marketing Technology,account targeting | personalized marketing | account profiling | marketing analytics | account engagement | marketing automation | account-based marketing | lead generation | customer insights | sales intelligence,marketing automation software | data analytics tools | cloud infrastructure | data storage solutions | cybersecurity services | data integration platforms | artificial intelligence | data visualization tools | big data solutions | data management systems
Customer Data Platform,customer profiles | data management | customer insights | data analytics | customer engagement | data integration | customer segmentation | data quality | customer profiling | sales intelligence,data management software | data analytics tools | cloud infrastructure | data storage solutions | cybersecurity services | data integration platforms | artificial intelligence | data visualization tools | big data solutions | data management systems
Marketing Technology,marketing analytics | marketing automation | lead generation | customer insights | sales intelligence | marketing software | customer engagement | marketing data | marketing performance | customer profiling,marketing automation software | data analytics tools | cloud infrastructure | data storage solutions | cybersecurity services | data integration platforms | artificial intelligence | data visualization tools | big data solutions | data management systems
Advertising Technology,advertising platforms | digital marketing | online campaigns | targeted ads | social media | influencer marketing | brand awareness | user engagement | ad spend | media buying,data analytics | machine learning | cloud infrastructure | advertising software | social media platforms | influencer networks | content creation tools | user data | marketing automation | SEO services
Human Resources Technology,HR software | employee data | talent management | workforce analytics | benefits administration | payroll processing | HR consulting | employee engagement | performance management | compliance management,HR software | talent acquisition tools | employee data platforms | benefits administration systems | payroll processing services | HR consulting services | employee engagement platforms | performance management software | compliance management tools | recruitment marketing
Workforce Technology,workforce management | employee scheduling | time tracking | attendance management | workforce analytics | staffing services | labor market | job market | employee data | HR software,HR software | time tracking systems | attendance management tools | workforce analytics platforms | staffing services | labor market data | job market intelligence | employee data platforms | payroll processing services | benefits administration systems
Recruitment Technology,job postings | candidate sourcing | applicant tracking | recruitment marketing | talent acquisition | candidate experience | job matching | applicant data | recruitment software | HR software,HR software | talent acquisition tools | candidate sourcing platforms | applicant tracking systems | recruitment marketing services | job matching algorithms | applicant data management | candidate experience platforms | recruitment analytics | job board advertising
Learning Management Systems,online courses | e-learning platforms | training programs | courseware development | learning analytics | educational content | student engagement | teacher training | curriculum design | educational software,e-learning platforms | online course development tools | training program management software | courseware development services | learning analytics platforms | educational content creation | student engagement tools | teacher training programs | curriculum design services | educational software development
Financial Technology,financial software | payment systems | banking services | mobile payments | digital wallets | online banking | transaction processing | money transfers | credit scoring | account management,cloud infrastructure | cybersecurity tools | data analytics | artificial intelligence | machine learning | raw materials | manufacturing equipment | logistics software | network infrastructure | database management
Insurance Technology,insurance policies | risk assessment | claims processing | policy management | premium payments | benefit administration | underwriting services | actuarial analysis | policy issuance | claims settlement,data visualization | predictive modeling | customer relationship | marketing automation | customer service software | communication platforms | content management | workflow automation | business intelligence | data storage
Regulatory Technology,regulatory compliance | risk management | audit services | policy enforcement | regulatory reporting | compliance monitoring | regulatory analysis | policy development | regulatory consulting | compliance training,regulatory databases | compliance software | risk assessment tools | audit management | policy management | regulatory intelligence | compliance analytics | risk modeling | regulatory reporting | compliance monitoring
Legal Technology,legal documents | contract management | dispute resolution | litigation support | case management | legal research | document review | e-discovery services | legal analytics | court filing,document management | case management software | legal research tools | e-discovery platforms | data analytics | artificial intelligence | machine learning | raw materials | manufacturing equipment | logistics software
Property Technology,property listings | real estate sales | property management | rental listings | property valuation | property development | construction services | property maintenance | property insurance | property financing,property databases | real estate software | construction equipment | building materials | property management tools | customer relationship | marketing automation | customer service software | communication platforms | content management
Education Technology,online courses | learning platforms | educational software | digital resources | student data | academic tools | curriculum design | teacher training | student assessment | educational content,cloud infrastructure | data analytics | artificial intelligence | machine learning | cybersecurity software | network equipment | database management | content delivery networks | educational publishing | digital marketing
Health Technology,medical devices | healthcare software | telemedicine services | patient data | medical records | health analytics | clinical trials | medical research | healthcare management | medical imaging,medical equipment | pharmaceuticals | healthcare IT | telecommunications | data storage | cybersecurity services | medical publishing | healthcare consulting | medical research funding | clinical trials software
Supply Chain Technology,supply chain management | logistics software | inventory control | warehousing services | transportation management | shipping services | inventory optimization | supply chain analytics | demand planning | supply chain visibility,transportation infrastructure | warehousing equipment | inventory management software | logistics platforms | supply chain consulting | transportation networks | warehousing technology | inventory tracking systems | supply chain financing | logistics analytics
Logistics Technology,logistics software | transportation management | warehousing services | shipping services | inventory control | supply chain management | freight management | delivery services | inventory optimization | transportation analytics,transportation infrastructure | warehousing equipment | logistics platforms | transportation networks | warehousing technology | inventory tracking systems | transportation management software | logistics consulting | freight forwarding services | transportation financing
Manufacturing Technology,manufacturing equipment | industrial automation | product design | quality control | manufacturing software | production planning | supply chain management | manufacturing analytics | quality assurance | product testing,raw materials | manufacturing machinery | industrial robots | production equipment | quality control software | manufacturing platforms | industrial networks | production management systems | quality control consulting | manufacturing research funding
Internet of Things,smart devices | internet services | data analytics | cloud computing | IoT platforms | device management | network security | data storage | machine learning | sensors,cloud infrastructure | network equipment | data storage systems | sensors | microcontrollers | wireless modules | power supplies | printed circuit boards | circuit design software | testing equipment
Hardware,computer hardware | electronic components | mechanical parts | industrial equipment | machine tools | assembly lines | quality control | testing protocols | manufacturing processes | production lines,raw materials | metal fabrication | plastic injection molding | electronic components | circuit boards | power supplies | industrial machinery | assembly equipment | testing software | quality control tools
Semiconductors,semiconductor chips | microprocessors | memory devices | logic devices | analog devices | mixed-signal devices | power management | embedded systems | system-on-chip | integrated circuits,silicon wafers | chemical etching | ion implantation | lithography equipment | cleanroom facilities | testing equipment | metrology tools | chemicals | substrates | packaging materials
Telecommunications,telecom services | wireless networks | data transmission | voice communication | network infrastructure | telecom equipment | switching systems | routing protocols | network security | customer support,fiber optic cables | cell towers | switching equipment | routing software | network management systems | telecom infrastructure | power generation | backup power systems | security systems | customer premises equipment
Networking,network infrastructure | data centers | cloud services | network security | firewall systems | switching equipment | routing protocols | network management | quality of service | network optimization,network equipment | switching hardware | routing software | firewall appliances | security systems | network management tools | quality of service tools | network optimization software | data center infrastructure | power distribution units
Mobile Technology,mobile devices | wireless networks | smartphones | tablets | mobile apps | operating systems | handsets | mobile software | cellular networks | portable electronics,semiconductor chips | display panels | battery technology | wireless components | mobile processors | memory storage | antennas | power management | touchscreens | audio components
Blockchain,digital currencies | blockchain networks | cryptographic keys | transaction records | smart contracts | distributed ledgers | digital assets | blockchain platforms | cryptographic protocols | data security,high-performance computing | data storage solutions | cloud infrastructure | network security | artificial intelligence | machine learning | data analytics | cybersecurity software | blockchain development tools | data management systems
Web3,decentralized applications | web3 platforms | blockchain gaming | digital collectibles | non-fungible tokens | decentralized finance | web3 services | blockchain oracles | decentralized data | web3 infrastructure,blockchain development tools | smart contract platforms | decentralized data storage | web3 development frameworks | blockchain security solutions | decentralized identity management | web3 analytics tools | blockchain testing frameworks | decentralized cloud infrastructure | web3 development environments
Gaming Technology,video games | gaming consoles | online gaming | gaming software | virtual reality | augmented reality | gaming platforms | game development | gaming hardware | esports,high-performance computing | gaming graphics cards | cloud gaming infrastructure | gaming headsets | gaming keyboards | gaming mice | gaming monitors | gaming chairs | gaming desks | gaming peripherals
Media Technology,digital media | streaming services | video content | audio content | media software | broadcasting networks | digital advertising | media analytics | content delivery networks | media platforms,data storage solutions | cloud infrastructure | content delivery networks | media analytics tools | digital advertising platforms | video encoding software | audio processing software | media testing frameworks | media development tools | digital rights management
Collaboration Software,software solutions | team collaboration | communication tools | project management | teamwork platforms | online collaboration | digital workspace | collaboration platforms | team productivity | workflow management,cloud infrastructure | data analytics | cybersecurity services | IT consulting | software development | network infrastructure | data storage | artificial intelligence | machine learning | data security
Productivity Software,productivity tools | time management | task management | productivity apps | workflow optimization | productivity platforms | productivity software | task automation | productivity solutions | efficiency tools,cloud infrastructure | data analytics | cybersecurity services | IT consulting | software development | network infrastructure | data storage | artificial intelligence | machine learning | data security
Document Management,document management | file sharing | content management | document storage | information management | document control | document workflow | document security | document compliance | document retrieval,cloud infrastructure | data analytics | cybersecurity services | IT consulting | software development | network infrastructure | data storage | artificial intelligence | machine learning | data security
Contract Management,contract management | agreement management | contract review | contract analysis | contract negotiation | contract execution | contract compliance | contract monitoring | contract optimization | contract automation,contract management software | data analytics | cybersecurity services | IT consulting | software development | network infrastructure | data storage | artificial intelligence | machine learning | data security
Electronic Signature,electronic signatures | digital signatures | signature management | electronic document | digital document | signature verification | signature authentication | electronic agreement | digital agreement | signature compliance,cloud infrastructure | data analytics | cybersecurity services | IT consulting | software development | network infrastructure | data storage | artificial intelligence | machine learning | data security
Robotic Process Automation,automated processes | business operations | process efficiency | robotic systems | workflow automation | process optimization | software solutions | business automation | process management | workflow management,cloud infrastructure | data analytics | software tools | cybersecurity services | artificial intelligence | machine learning | data storage | network infrastructure | data management | security software
Conversational AI,conversational interfaces | chatbots | voice assistants | natural language | human interaction | language processing | dialog systems | user experience | interface design | user engagement,natural language processing | machine learning | data analytics | cloud services | software development | data storage | network infrastructure | security software | cybersecurity services | data management
Computer Vision,image recognition | object detection | facial recognition | pattern recognition | image analysis | video analysis | object tracking | scene understanding | image processing | video processing,deep learning | machine learning | data analytics | computer hardware | software development | data storage | network infrastructure | security software | cybersecurity services | data management
Digital Twin,digital replicas | physical models | virtual environments | simulation models | digital copies | physical simulations | virtual models | digital representations | physical replicas | virtual simulations,cloud services | software development | data storage | network infrastructure | security software | cybersecurity services | data management | machine learning | data analytics | artificial intelligence
Simulation Software,simulation models | digital simulations | virtual environments | physical models | digital replicas | physical simulations | virtual models | digital representations | physical replicas | virtual simulations,cloud services | software development | data storage | network infrastructure | security software | cybersecurity services | data management | machine learning | data analytics | artificial intelligence
Geographic Information Systems,geographic data | map services | location analytics | spatial analysis | gis software | cartography tools | geospatial data | location intelligence | mapping technology | spatial modeling,cloud infrastructure | high-performance computing | data storage systems | network infrastructure | cybersecurity solutions | data analytics tools | artificial intelligence software | machine learning platforms | data visualization tools | big data solutions
Fleet Management Software,fleet management | vehicle tracking | driver monitoring | route optimization | fleet analytics | vehicle maintenance | driver safety | fleet operations | vehicle performance | fleet intelligence,fleet management software | vehicle tracking devices | cloud infrastructure | data analytics tools | fleet maintenance equipment | vehicle inspection software | fleet operations platforms | driver monitoring systems | fleet intelligence software | vehicle performance metrics
Field Service Software,field service | work order management | service scheduling | field technician | service delivery | field operations | service management | field service software | work order automation | field service intelligence,field service software | work order management systems | cloud infrastructure | field operations platforms | service delivery software | field technician tools | service management solutions | field service analytics | work order automation tools | field service intelligence software
Vertical Software,vertical software | industry solutions | sector-specific | domain expertise | vertical market | industry knowledge | sector focus | domain insight | industry intelligence | sector analysis,industry research | sector analysis tools | domain expertise software | vertical market platforms | sector-specific solutions | industry knowledge databases | domain insight software | industry intelligence platforms | sector focus software | vertical market analytics
Open Source Software,open source | software development | community driven | collaborative software | open code | community projects | software collaboration | open development | community engagement | software innovation,open source platforms | community driven software | collaborative development tools | open code repositories | community projects funding | software collaboration software | open development platforms | community engagement tools | software innovation labs | open source intelligence
Compliance Software,software products | compliance solutions | regulatory tools | risk management | compliance services | audit management | policy management | compliance data | regulatory reporting | compliance analytics,cloud infrastructure | cybersecurity software | data analytics tools | artificial intelligence | machine learning platforms | data storage solutions | network security | cybersecurity services | identity access management | data governance software
Governance Risk and Compliance Software,governance solutions | risk management software | compliance tools | regulatory reporting | governance data | risk analytics | compliance services | governance reporting | risk management tools | compliance management,cloud infrastructure | cybersecurity software | data analytics tools | artificial intelligence | machine learning platforms | data storage solutions | network security | cybersecurity services | identity access management | data governance software
Revenue Operations Software,revenue management software | sales analytics | customer data | sales reporting | revenue forecasting | sales performance | customer insights | sales optimization | revenue growth | sales analytics tools,customer relationship management | sales enablement software | marketing automation | data analytics tools | artificial intelligence | machine learning platforms | data storage solutions | network security | cybersecurity services | data governance software
Space Technology,space exploration | satellite technology | space research | space missions | space data | space analytics | space operations | space systems | space engineering | space innovation,rocket propulsion systems | spacecraft design | satellite manufacturing | space communication systems | space navigation systems | space weather monitoring | space debris removal | space robotics | space suits | space life support systems
Quantum Computing,quantum computing | quantum algorithms | quantum data | quantum simulations | quantum analytics | quantum machine learning | quantum optimization | quantum cryptography | quantum security | quantum software,quantum processors | quantum control systems | quantum error correction | quantum noise reduction | quantum computing hardware | quantum software development | quantum testing and validation | quantum simulation platforms | quantum machine learning tools | quantum optimization software
Retail Banking,bank accounts | financial services | credit cards | loans offered | savings products | checking accounts | bank deposits | customer support | bank fees | account management,banking software | credit scoring | risk management | financial data | banking systems | security services | compliance tools | regulatory data | financial analytics | market research
Commercial Banking,business loans | commercial accounts | cash management | trade finance | corporate banking | business services | financial solutions | commercial deposits | business support | corporate accounts,banking infrastructure | cash handling | payment processing | financial reporting | risk assessment | compliance software | financial analysis | market intelligence | industry trends | economic data
Investment Banking,investment deals | mergers acquired | ipo listings | stock offerings | capital raises | financial advisory | investment advice | ipo services | merger support | capital markets,market research | financial modeling | valuation tools | risk analysis | due diligence | investment software | financial data | market intelligence | industry trends | economic forecasts
Corporate Banking,corporate accounts | business loans | cash management | trade finance | corporate banking | financial solutions | commercial deposits | business support | corporate services | financial products,banking systems | financial reporting | risk assessment | compliance software | financial analysis | market intelligence | industry trends | economic data | financial data | market research
Private Banking,wealth management | private accounts | high net worth | financial planning | investment advice | private banking | wealth solutions | financial services | account management | investment products,wealth management software | financial planning tools | investment research | risk analysis | financial data | market intelligence | industry trends | economic forecasts | financial modeling | valuation tools
Private Equity,private investments | portfolio companies | equity stakes | financial returns | capital gains | shareholders value | investment funds | venture capital | growth equity | exit strategies,private companies | equity shares | financial assets | investment funds | venture capital | growth equity | private debt | equity stakes | financial instruments | shareholders value
Venture Capital,venture investments | startups funding | growth capital | equity stakes | financial returns | shareholders value | investment funds | private equity | growth equity | exit strategies,startups | growth capital | equity shares | financial assets | investment funds | venture capital | private debt | equity stakes | financial instruments | shareholders value
Growth Equity,growth investments | equity stakes | financial returns | shareholders value | investment funds | venture capital | private equity | growth capital | exit strategies | capital gains,growth capital | equity shares | financial assets | investment funds | venture capital | private debt | equity stakes | financial instruments | shareholders value | growth investments
Hedge Fund,hedge investments | trading strategies | financial returns | shareholders value | investment funds | trading assets | financial instruments | market volatility | risk management | capital gains,trading assets | financial instruments | market data | risk management | trading strategies | investment funds | hedge funds | trading platforms | financial software | market analysis
Life Insurance,life policies | insurance products | financial returns | shareholders value | investment funds | life annuities | insurance claims | policyholders | premium payments | benefit payouts,life policies | insurance products | investment funds | life annuities | insurance claims | premium payments | policyholders | benefit payouts | financial assets | insurance reserves
Property and Casualty Insurance,insurance policies | property claims | casualty services | risk assessments | policy holders | claims processing | insurance brokers | premium payments | policy renewals | underwriting guidelines,actuarial software | claims systems | risk models | data analytics | insurance platforms | reinsurance treaties | policy administration | claims adjusters | insurance ratings | regulatory compliance
Reinsurance,reinsurance contracts | insurance risks | reinsurance treaties | risk transfer | insurance premiums | reinsurance policies | insurance companies | risk management | reinsurance brokers | insurance markets,reinsurance platforms | risk models | insurance data | actuarial software | reinsurance treaties | insurance ratings | regulatory compliance | reinsurance brokers | insurance markets | risk transfer
Specialty Insurance,specialty insurance | niche markets | insurance products | risk assessments | policy holders | insurance brokers | premium payments | policy renewals | underwriting guidelines | claims processing,specialty insurance | niche markets | insurance platforms | risk models | data analytics | insurance brokers | reinsurance treaties | policy administration | claims adjusters | insurance ratings
Financial Advisory,financial advice | investment strategies | wealth management | financial planning | retirement plans | investment products | financial portfolios | risk assessments | investment research | financial analysis,financial software | investment platforms | financial data | market research | financial models | investment tools | financial ratings | regulatory compliance | financial education | investment training
Financial Planning,financial plans | investment strategies | wealth management | financial goals | retirement plans | investment products | financial portfolios | risk assessments | investment research | financial analysis,financial software | investment platforms | financial data | market research | financial models | investment tools | financial ratings | regulatory compliance | financial education | investment training
Payment Processing,payment processing | transaction services | online payments | mobile payments | card transactions | digital wallets | payment gateways | checkout systems | transaction fees | payment networks,payment infrastructure | transaction systems | cloud services | cybersecurity tools | data analytics | network infrastructure | server hardware | database software | API platforms | security protocols
Payment Infrastructure,payment infrastructure | transaction systems | online platforms | mobile apps | payment gateways | checkout systems | payment networks | transaction fees | digital wallets | payment processing,cloud infrastructure | cybersecurity tools | data analytics | network infrastructure | server hardware | database software | API platforms | security protocols | transaction systems | payment hardware
Consumer Lending,consumer loans | personal finance | credit products | lending services | credit scoring | credit reports | borrower data | credit risk | loan applications | credit decisions,borrower data | credit scoring models | credit risk tools | borrower profiles | credit reports | credit monitoring | identity verification | fraud detection | credit underwriting | loan origination
Commercial Lending,commercial loans | business finance | credit products | lending services | credit scoring | credit reports | borrower data | credit risk | loan applications | credit decisions,borrower data | credit scoring models | credit risk tools | borrower profiles | credit reports | credit monitoring | identity verification | fraud detection | credit underwriting | loan origination
Small Business Lending,small business loans | microfinance | small business finance | credit products | lending services | credit scoring | credit reports | borrower data | credit risk | loan applications,borrower data | credit scoring models | credit risk tools | borrower profiles | credit reports | credit monitoring | identity verification | fraud detection | credit underwriting | loan origination
Mortgage,home loans | mortgage products | loan services | credit checks | property valuations | interest rates | loan applications | mortgage insurance | property appraisals | loan processing,credit data | property records | loan software | credit scoring | mortgage insurance | property inspection | loan origination | credit reporting | property valuation | loan servicing
Credit Risk,credit scores | risk assessments | credit reports | credit checks | risk models | credit analysis | credit decisions | credit ratings | credit monitoring | credit forecasting,credit data | risk software | credit scoring | credit reporting | risk models | credit analytics | credit monitoring | risk assessment | credit forecasting | credit intelligence
Capital Markets,financial instruments | capital raisings | market listings | equity offerings | debt issuances | capital transactions | market analysis | financial reporting | capital allocation | market intelligence,market data | financial software | market research | financial analysis | market intelligence | financial reporting | market listings | capital raising | financial instruments | market transactions
Fixed Income,fixed income products | bond issuances | interest rates | credit spreads | yield curves | fixed income analysis | bond pricing | fixed income trading | bond investments | fixed income portfolios,bond data | fixed income software | credit analysis | interest rate models | bond pricing | yield curves | fixed income analytics | bond transactions | fixed income reporting | bond investments
Equities Trading,equity products | stock trading | market analysis | equity research | stock prices | equity investments | stock portfolios | equity trading | stock listings | equity markets,market data | equity software | stock research | equity analysis | stock transactions | equity intelligence | stock listings | equity trading | stock portfolios | equity investments
Derivatives,financial instruments | trading platforms | risk management | hedging strategies | derivatives trading | market analysis | financial modeling | portfolio optimization | valuation methods | market risk,computing infrastructure | data analytics tools | cloud services | cybersecurity software | network equipment | data storage solutions | artificial intelligence | machine learning platforms | high-performance computing | data visualization tools
Commodities,agricultural products | energy commodities | metals trading | commodity markets | price risk management | supply chain management | commodity trading | market research | commodity pricing | market analysis,warehousing facilities | transportation equipment | storage solutions | logistics software | supply chain management tools | inventory management systems | warehousing technology | fleet management systems | shipping containers | port infrastructure
Accounting Services,financial statements | accounting software | auditing services | tax preparation | financial reporting | accounting standards | financial analysis | budgeting | forecasting | financial planning,accounting software | cloud infrastructure | cybersecurity measures | data backup solutions | network equipment | data storage solutions | computing hardware | productivity tools | office equipment | communication software
Audit and Assurance,financial audits | internal controls | risk assessments | compliance services | auditing standards | financial reporting | accounting standards | audit procedures | financial analysis | risk management,audit software | cloud services | cybersecurity measures | data analytics tools | network equipment | data storage solutions | computing hardware | productivity tools | communication software | training programs
Tax Advisory,tax planning | tax compliance | tax consulting | tax strategy | tax laws | tax regulations | tax planning software | tax research | tax analysis | tax optimization,tax software | cloud infrastructure | cybersecurity measures | data analytics tools | network equipment | data storage solutions | computing hardware | productivity tools | communication software | training programs
Payroll,employee data | payroll services | tax compliance | benefit administration | salary processing | wage management | time tracking | leave management | benefit enrollment | compensation analysis,HR software | cloud infrastructure | data analytics | compliance tools | security systems | network equipment | server hardware | storage solutions | backup services | cybersecurity solutions
Treasury Management,cash management | treasury services | foreign exchange | interest rate management | liquidity management | investment management | risk management | compliance reporting | financial analysis | funding options,financial software | cloud storage | cybersecurity solutions | data analytics | compliance tools | network equipment | server hardware | security systems | backup services | IT consulting
Brokerage,financial products | investment services | stock trading | portfolio management | risk assessment | market analysis | investment advice | financial planning | wealth management | asset allocation,financial software | market data | data analytics | compliance tools | cybersecurity solutions | network equipment | server hardware | security systems | IT consulting | regulatory compliance
Algorithmic Trading,algorithmic models | trading strategies | market analysis | risk management | portfolio optimization | trade execution | market data | data analytics | algorithmic trading | high-frequency trading,financial software | high-performance computing | data analytics | cybersecurity solutions | network equipment | server hardware | security systems | IT consulting | regulatory compliance | cloud infrastructure
Commercial Real Estate Finance,commercial loans | real estate financing | property valuation | loan origination | credit analysis | risk assessment | loan servicing | property management | real estate investment | mortgage banking,property data | financial software | market data | data analytics | compliance tools | cybersecurity solutions | network equipment | server hardware | security systems | IT consulting
Real Estate Investment Trust,real estate investments | property management | rental income | investment properties | commercial real estate | residential properties | property development | real estate funds | investment portfolios | asset management,commercial properties | residential properties | construction materials | property maintenance | security services | accounting software | financial analysis | market research | property insurance | tax advisory
Health Systems,healthcare services | medical facilities | patient care | health management | medical research | health education | medical training | healthcare technology | medical equipment | health data,medical equipment | healthcare software | medical supplies | pharmaceuticals | medical staffing | healthcare consulting | medical research | healthcare infrastructure | medical imaging | healthcare analytics
Hospitals,patient care | medical facilities | health services | medical treatment | emergency care | surgical services | medical research | health education | medical training | health data,medical equipment | healthcare software | medical supplies | pharmaceuticals | medical staffing | healthcare consulting | medical research | healthcare infrastructure | medical imaging | healthcare analytics
Clinics,patient care | medical services | health treatment | medical facilities | health management | medical research | health education | medical training | health data | medical records,medical equipment | healthcare software | medical supplies | pharmaceuticals | medical staffing | healthcare consulting | medical research | healthcare infrastructure | medical imaging | healthcare analytics
Health Insurance,health insurance | medical coverage | health benefits | insurance policies | health claims | medical billing | health data | medical records | health management | medical research,healthcare software | medical supplies | pharmaceuticals | medical staffing | healthcare consulting | medical research | healthcare infrastructure | medical imaging | healthcare analytics | actuarial services
Managed Care,health services | medical billing | insurance claims | patient care | health management | medical records | provider networks | health insurance | care coordination | healthcare administration,healthcare software | medical equipment | insurance platforms | telehealth services | health data analytics | medical billing systems | provider networks | healthcare IT | medical research | healthcare consulting
Pharmaceuticals,drug development | pharmaceuticals | medicines | chemical compounds | pharmaceutical products | clinical trials | drug testing | pharmaceutical manufacturing | pharmaceutical research | medicinal products,chemicals | raw materials | manufacturing equipment | pharmaceutical machinery | clinical trial software | laboratory equipment | pharmaceutical packaging | drug delivery systems | pharmaceutical testing | pharmaceutical storage
Biotechnology,biological research | genetic engineering | biotechnology products | biomedical research | biotech manufacturing | biological testing | biotech development | biomedical products | biotech research | biological products,biological equipment | laboratory software | biological reagents | biotech machinery | biological storage | biotech testing | biological packaging | biotech delivery systems | biological research tools | biological data analytics
Biopharmaceuticals,biopharmaceuticals | biotech products | biological medicines | biopharmaceutical manufacturing | biotech research | biological development | biopharmaceutical testing | biotech products | biological research | biopharmaceuticals production,biological equipment | laboratory software | biological reagents | biotech machinery | biological storage | biotech testing | biological packaging | biotech delivery systems | biological research tools | biological data analytics
Drug Discovery,drug discovery | pharmaceutical research | medicinal products | chemical compounds | pharmaceutical products | clinical trials | drug testing | pharmaceutical manufacturing | medicinal research | drug development,chemicals | raw materials | manufacturing equipment | pharmaceutical machinery | clinical trial software | laboratory equipment | pharmaceutical packaging | drug delivery systems | pharmaceutical testing | pharmaceutical storage
Clinical Research,clinical trials | medical studies | patient data | research outcomes | study protocols | medical insights | research findings | clinical evidence | medical knowledge | healthcare data,research funding | clinical equipment | medical software | data analytics | research personnel | clinical trials | medical literature | research infrastructure | statistical tools | biobank samples
Contract Research Organization,clinical trials | research services | medical studies | study protocols | research findings | clinical evidence | medical knowledge | healthcare data | research outcomes | study management,research funding | clinical equipment | medical software | data analytics | research personnel | statistical tools | research infrastructure | biobank samples | clinical supplies | regulatory compliance
Medical Devices,medical devices | healthcare products | medical equipment | medical implants | surgical tools | diagnostic tools | medical instruments | healthcare technology | medical software | medical imaging,raw materials | manufacturing equipment | medical software | design tools | testing equipment | quality control | regulatory compliance | clinical trials | research funding | supply chain management
Diagnostics,medical tests | diagnostic tools | healthcare products | medical equipment | surgical tools | diagnostic instruments | medical software | healthcare technology | medical imaging | lab testing,raw materials | manufacturing equipment | medical software | design tools | testing equipment | quality control | regulatory compliance | clinical trials | research funding | lab supplies
Medical Imaging,medical images | medical software | healthcare technology | medical equipment | surgical tools | diagnostic tools | medical instruments | medical imaging | healthcare data | research outcomes,medical software | design tools | testing equipment | quality control | regulatory compliance | clinical trials | research funding | raw materials | manufacturing equipment | medical supplies
Digital Health,health services | medical software | patient data | telemedicine | healthcare analytics | digital platforms | health information | medical records | healthcare management | health data,cloud infrastructure | data analytics tools | cybersecurity services | artificial intelligence | machine learning platforms | healthcare IT | medical devices | telecommunications equipment | data storage solutions | network security
Remote Patient Monitoring,patient monitoring | remote healthcare | telemedicine services | healthcare analytics | medical devices | patient data | health information | medical records | healthcare management | health data,medical devices | telecommunications equipment | cloud infrastructure | data analytics tools | cybersecurity services | artificial intelligence | machine learning platforms | healthcare IT | data storage solutions | network security
Telehealth,telemedicine services | healthcare analytics | medical devices | patient data | health information | medical records | healthcare management | health data | digital platforms | health services,telecommunications equipment | cloud infrastructure | data analytics tools | cybersecurity services | artificial intelligence | machine learning platforms | healthcare IT | medical devices | data storage solutions | network security
Electronic Health Records,health information | medical records | healthcare management | health data | digital platforms | health services | patient data | healthcare analytics | telemedicine services | medical software,healthcare IT | data storage solutions | network security | cybersecurity services | cloud infrastructure | data analytics tools | artificial intelligence | machine learning platforms | medical devices | telecommunications equipment
Revenue Cycle Management,healthcare management | health data | digital platforms | health services | patient data | health information | medical records | healthcare analytics | telemedicine services | medical software,healthcare IT | data storage solutions | network security | cybersecurity services | cloud infrastructure | data analytics tools | artificial intelligence | machine learning platforms | medical devices | telecommunications equipment
Healthcare Analytics,healthcare data | medical records | patient outcomes | clinical trials | health metrics | disease modeling | population health | health insights | medical research | health trends,data analytics | cloud infrastructure | machine learning | artificial intelligence | data storage | health software | medical equipment | research funding | data security | health informatics
Mental Health,mental wellness | emotional support | counseling services | therapy sessions | mental health care | patient support | mental health tools | emotional healing | mental health programs | wellness services,therapy equipment | mental health software | counseling platforms | patient engagement | mental health training | wellness programs | emotional intelligence | mental health research | patient support tools | health education
Behavioral Health,behavioral health care | patient outcomes | mental health services | behavioral therapy | health education | behavioral support | health insights | behavioral research | health trends | behavioral wellness,behavioral health software | therapy equipment | counseling platforms | patient engagement | behavioral health training | wellness programs | emotional intelligence | behavioral health research | patient support tools | health education
Home Health,home healthcare | patient care | home health services | healthcare support | home health care | patient outcomes | health insights | healthcare research | health trends | home health programs,home health software | medical equipment | healthcare staffing | patient engagement | home health training | wellness programs | health education | home health research | patient support tools | healthcare infrastructure
Long-Term Care,long-term care services | patient care | healthcare support | long-term health care | healthcare services | patient outcomes | health insights | healthcare research | health trends | long-term care programs,long-term care software | medical equipment | healthcare staffing | patient engagement | long-term care training | wellness programs | health education | long-term care research | patient support tools | healthcare infrastructure
Senior Care,senior care services | elderly support | home health care | nursing home care | adult day care | senior housing | geriatric care | assisted living | long term care | healthcare services,medical equipment | staffing services | healthcare software | nursing home facilities | medical supplies | home care technology | health insurance | medical billing software | patient management systems | healthcare consulting
Dental,dental services | oral health care | teeth whitening | dental implants | cosmetic dentistry | dental surgery | oral surgery | dental hygiene | dental prosthetics | oral health products,dental equipment | medical supplies | dental software | dental implants | oral surgery tools | dental materials | dental instruments | patient management systems | health insurance | dental billing software
Veterinary,animal care services | pet health care | veterinary surgery | animal hospital care | pet grooming | animal boarding | pet training | animal behavior | pet nutrition | animal health products,veterinary equipment | animal food | veterinary software | animal hospital facilities | animal medical supplies | pet grooming tools | animal boarding facilities | pet nutrition products | animal health insurance | veterinary consulting
Laboratory Services,lab testing services | medical testing | clinical trials | lab results analysis | medical research | lab equipment maintenance | lab supply chain | lab quality control | lab accreditation | medical diagnostics,lab equipment | medical supplies | lab software | lab facilities | lab consumables | lab automation systems | lab information systems | lab quality control tools | lab accreditation services | medical research funding
Genomics,genetic testing services | genomic analysis | genetic research | genomic data storage | genetic sequencing | genomic interpretation | genetic counseling | genomic medicine | genetic testing products | genomic data management,genomics software | genetic testing equipment | genomic data storage systems | genetic research funding | genomic sequencing tools | genomic interpretation software | genetic counseling services | genomic medicine platforms | genetic testing consumables | genomic data analytics
Precision Medicine,personalized treatments | genetic data | medical research | disease diagnosis | patient outcomes | clinical trials | pharmacogenomics | precision therapies | genomic analysis | healthcare services,genetic sequencing | medical imaging | clinical software | laboratory equipment | pharmaceuticals | research funding | data analytics | artificial intelligence | biotechnology | healthcare infrastructure
Medical Staffing,medical professionals | healthcare staffing | nursing services | medical recruitment | staff management | healthcare workforce | medical training | clinical staffing | healthcare consulting | medical outsourcing,recruitment software | staffing agencies | medical education | healthcare training | clinical tools | medical equipment | healthcare services | staffing platforms | medical research | healthcare data
Surgical Technology,surgical robots | medical devices | surgical equipment | minimally invasive | surgical procedures | medical imaging | surgical training | healthcare services | surgical research | medical innovation,medical imaging | surgical software | robotic systems | surgical instruments | medical simulation | surgical training | healthcare data | medical research | surgical equipment | clinical tools
Oncology Technology,cancer treatments | oncology research | medical imaging | radiation therapy | cancer diagnosis | oncology services | cancer care | healthcare services | oncology training | medical innovation,radiation equipment | medical imaging | oncology software | cancer research | healthcare data | oncology training | clinical tools | medical simulation | cancer treatment | healthcare infrastructure
Management Consulting,business strategy | management services | consulting firms | business analysis | management training | business innovation | consulting services | business development | management research | business solutions,consulting software | business intelligence | management tools | consulting platforms | business research | management training | business data | consulting firms | management services | business strategy
Strategy Consulting,business strategies | market analysis | competitive intelligence | executive coaching | change management | growth planning | corporate development | merger integration | leadership development | organizational design,market research | consulting software | data analytics | business intelligence | change management tools | executive education | leadership development programs | organizational design services | strategic planning software | market intelligence reports
Technology Consulting,software solutions | cloud services | cybersecurity | data analytics | artificial intelligence | machine learning | digital transformation | IT infrastructure | network security | data management,cloud infrastructure | cybersecurity software | data management tools | artificial intelligence platforms | machine learning frameworks | IT consulting services | network equipment | data storage solutions | cybersecurity services | software development tools
Operations Consulting,supply chain management | logistics optimization | process improvement | quality control | inventory management | warehousing services | distribution networks | fleet management | transportation services | warehousing solutions,supply chain software | logistics platforms | process improvement tools | quality control equipment | inventory management systems | warehousing equipment | distribution software | fleet management systems | transportation management systems | warehousing solutions
Financial Consulting,financial planning | investment management | risk assessment | financial analysis | tax planning | wealth management | retirement planning | estate planning | investment strategies | financial instruments,financial software | investment platforms | risk management tools | financial analysis software | tax planning services | wealth management services | retirement planning software | estate planning services | investment research tools | financial data analytics
Human Resources Consulting,talent management | recruitment services | employee engagement | performance management | benefits administration | compensation planning | training programs | leadership development | organizational change | diversity and inclusion,HR software | recruitment platforms | employee engagement tools | performance management systems | benefits administration services | compensation planning software | training programs | leadership development services | organizational change management tools | diversity and inclusion services
Legal Services,court cases | lawsuits | litigation | contracts | legislation | regulations | judgments | verdicts | arbitrations | disputes,court records | legal software | law libraries | judicial systems | court equipment | law firms | paralegal services | court reporting | judicial training | litigation support
Engineering Services,engineering designs | technical solutions | product development | system integration | technical support | engineering services | product testing | technical consulting | engineering analysis | technical training,engineering software | technical equipment | laboratory tools | testing facilities | engineering staff | technical training | research databases | engineering libraries | technical publications | CAD systems
Architecture Services,building designs | architectural plans | space planning | interior design | building codes | zoning regulations | building permits | construction management | architectural services | building inspections,building materials | construction equipment | architectural software | design libraries | building information | construction staff | building codes | zoning regulations | building permits | construction management
Creative Agency,advertising campaigns | marketing strategies | brand development | creative services | media planning | public relations | event planning | content creation | social media | brand management,creative software | marketing tools | advertising equipment | media databases | public relations | event planning software | content management | social media platforms | branding services | market research
Advertising Agency,advertising campaigns | marketing strategies | brand development | creative services | media planning | public relations | event planning | content creation | social media | brand management,advertising software | marketing tools | advertising equipment | media databases | public relations | event planning software | content management | social media platforms | branding services | market research
Public Relations Agency,public relations | media campaigns | reputation management | crisis communications | event planning | social media | brand awareness | corporate messaging | media outreach | press releases,media monitoring | social media tools | market research | event spaces | travel expenses | office equipment | software subscriptions | advertising spend | market data | research reports
Digital Agency,digital marketing | web development | e-commerce solutions | mobile apps | software products | cloud services | data analytics | artificial intelligence | cybersecurity | digital transformation,cloud infrastructure | software licenses | data storage | cybersecurity tools | artificial intelligence | machine learning | data science | cloud services | software development | digital marketing
Media Agency,media buying | advertising campaigns | media planning | broadcast media | print media | digital media | outdoor advertising | event marketing | public relations | media research,media space | advertising spend | market research | media monitoring | software subscriptions | travel expenses | office equipment | market data | research reports | data analytics
Staffing and Recruiting,talent acquisition | recruitment services | job placement | candidate sourcing | employee screening | background checks | job postings | candidate management | hiring processes | talent management,recruitment software | background check services | job posting platforms | candidate databases | employee screening tools | travel expenses | office equipment | market research | candidate sourcing | talent assessment
Executive Search,executive recruitment | leadership search | talent acquisition | executive placement | board recruitment | CEO search | C-level recruitment | executive development | leadership coaching | executive assessment,executive search software | leadership development programs | board recruitment services | executive coaching | talent assessment tools | market research | candidate databases | executive screening | travel expenses | office equipment
Recruitment Process Outsourcing,candidate sourcing | talent acquisition | staffing services | recruitment solutions | outsourced hiring | human resources | labor market | job placement | employment agencies | staff augmentation,recruitment software | HR systems | labor market data | candidate databases | staffing agencies | outsourcing platforms | talent management tools | labor laws compliance | background check services | employment screening
Corporate Training,corporate education | employee development | training programs | workforce development | organizational learning | leadership training | skill development | professional growth | employee engagement | performance improvement,training software | learning management systems | e-learning platforms | training facilities | instructional design services | facilitators and coaches | assessment tools | evaluation software | content creation services | curriculum development
Translation and Localization,language translation | cultural adaptation | linguistic services | content localization | global communication | multilingual support | language solutions | text translation | document translation | global marketing,translation memory tools | localization software | linguistic databases | translation memory systems | terminology management tools | language testing services | proofreading services | editing software | project management tools | collaboration platforms
Environmental Services,waste management | environmental cleanup | ecosystem restoration | conservation services | sustainability initiatives | green infrastructure | pollution control | recycling services | hazardous waste removal | ecological restoration,waste management equipment | environmental monitoring tools | cleanup services | restoration equipment | conservation technology | sustainability software | green building materials | pollution control systems | recycling machinery | hazardous waste disposal
Sustainability Consulting,sustainability strategies | environmental impact assessments | green initiatives | carbon footprint reduction | eco-friendly solutions | sustainable development | climate change mitigation | energy efficiency | resource conservation | social responsibility,sustainability software | energy efficiency tools | carbon footprint analysis | green building materials | eco-friendly products | sustainable infrastructure | climate change research | resource management systems | social impact assessment | stakeholder engagement tools
Market Research,market data | research reports | customer insights | market trends | competitive analysis | customer feedback | market intelligence | research studies | data analysis | market forecasts,research tools | data platforms | market intelligence | software solutions | data analytics | research infrastructure | cloud services | data storage | market data | statistical software
Analytics Consulting,business insights | data analysis | consulting services | data visualization | business intelligence | data science | consulting reports | data strategy | business analytics | data insights,data platforms | software solutions | research infrastructure | cloud services | data storage | statistical software | data analytics | research tools | market intelligence | data visualization
Discrete Manufacturing,mechanical components | electronic devices | precision parts | industrial equipment | consumer products | industrial machinery | mechanical systems | electronic components | industrial tools | precision engineering,raw materials | manufacturing equipment | industrial tools | precision engineering | industrial machinery | mechanical systems | electronic components | industrial infrastructure | logistics software | supply chain management
Process Manufacturing,chemical products | pharmaceuticals | petrochemicals | food products | biotechnology | chemicals | pharmaceuticals | food processing | chemical engineering | bioproducts,raw materials | chemical equipment | biotechnology platforms | chemical infrastructure | pharmaceuticals manufacturing | food processing equipment | chemical storage | bioproducts development | chemical research | biomanufacturing
Automotive,automobiles | vehicles | car parts | automotive systems | vehicle components | automotive technology | car manufacturing | automotive engineering | vehicle safety | automotive design,raw materials | manufacturing equipment | automotive tools | logistics software | supply chain management | industrial infrastructure | automotive research | vehicle testing | automotive testing equipment | vehicle safety systems
Electric Vehicles,electric vehicles | battery packs | electric motors | charging systems | electric powertrains | autonomous systems | sustainable energy | electric mobility | green transportation | zero emissions,lithium batteries | electric motor components | advanced materials | solar panels | wind turbines | electric charging stations | battery recycling | electric vehicle software | sustainable energy solutions | green manufacturing
Automotive Components,automotive parts | car components | vehicle systems | engine components | transmission systems | braking systems | suspension systems | electrical systems | interior components | exterior components,raw materials | metal alloys | plastic injection molding | advanced manufacturing | 3D printing | robotic assembly | automated testing | quality control software | supply chain management | logistics services
Aerospace and Defense,space exploration | military equipment | aerospace systems | defense technology | satellite communications | spacecraft design | rocket propulsion | missile defense | cybersecurity solutions | intelligent systems,advanced materials | rocket fuel | satellite components | defense software | cybersecurity platforms | intelligent sensors | artificial intelligence | machine learning algorithms | data analytics tools | cloud infrastructure
Aviation,aircraft design | airplane manufacturing | aviation services | flight operations | air traffic control | aviation safety | aircraft maintenance | pilot training | aircraft leasing | aviation logistics,aircraft components | aviation software | flight simulation | pilot training equipment | air traffic control systems | aviation fuel | airport infrastructure | aircraft maintenance tools | aviation security solutions | flight planning systems
Defense,military equipment | defense technology | security solutions | intelligence systems | cybersecurity | surveillance systems | military communications | defense software | intelligent systems | counterterrorism,defense software | cybersecurity platforms | intelligence sensors | artificial intelligence | machine learning algorithms | data analytics tools | cloud infrastructure | surveillance systems | military communications equipment | counterterrorism solutions
Heavy Equipment,heavy machinery | construction equipment | industrial tools | heavy vehicles | mining equipment | crane manufacturing | excavator production | bulldozer assembly | dump truck manufacturing | forklift production,raw materials | steel production | mining equipment | heavy vehicle parts | industrial tools | crane components | excavator parts | bulldozer components | dump truck parts | forklift components
Industrial Equipment,industrial machinery | heavy equipment | factory automation | assembly lines | production systems | quality control | manufacturing processes | industrial robots | material handling | packaging systems,industrial tools | raw materials | factory automation | assembly line equipment | production software | quality control tools | industrial robots | material handling systems | packaging machinery | warehouse management
Construction Equipment,construction machinery | heavy equipment | building construction | road building | excavator operation | crane services | bulldozer operation | dump truck services | site preparation | demolition services,raw materials | heavy vehicle parts | construction tools | excavator components | crane components | bulldozer components | dump truck parts | site preparation equipment | demolition equipment | road construction materials
Electronics Manufacturing,electronic components | printed circuit boards | semiconductor manufacturing | assembly lines | quality control | electronic testing | packaging systems | material handling | industrial robots | factory automation,raw materials | electronic components | printed circuit board materials | semiconductor equipment | assembly line equipment | quality control tools | electronic testing equipment | packaging machinery | material handling systems | industrial robots
Consumer Electronics,consumer electronics | electronic devices | smartphones | laptops | tablets | smart home devices | wearable technology | gaming consoles | televisions | audio equipment,raw materials | electronic components | printed circuit board materials | display technology | audio equipment | smart home platforms | wearable technology | gaming console hardware | televisions | audio software
Semiconductor Manufacturing,semiconductor chips | microprocessors | memory devices | logic gates | integrated circuits | silicon wafers | electronic components | microcontrollers | system on chips | printed circuit boards,silicon raw materials | copper wire | gold wire | lithography equipment | etching chemicals | cleanroom infrastructure | testing software | manufacturing machinery | packaging materials | quality control tools
Chemical Manufacturing,chemical products | pharmaceuticals | pesticides | fertilizers | detergents | soaps | cosmetics | plastics | resins | polymers,raw chemical materials | reactants | catalysts | chemical reactors | distillation equipment | pumps | valves | pipework | safety equipment | quality control systems
Specialty Chemicals,specialty chemicals | pharmaceuticals | agrochemicals | dyes | pigments | flavorings | fragrances | cosmetics | personal care products | household cleaners,raw chemical materials | reactants | catalysts | chemical reactors | distillation equipment | pumps | valves | pipework | safety equipment | quality control systems
Petrochemicals,petrochemical products | plastics | resins | fibers | dyes | pigments | lubricants | fuels | petroleum products | chemical feedstocks,crude oil | natural gas | refining equipment | cracking units | catalysts | pipework | storage tanks | pumps | valves | safety equipment
Food and Beverage Manufacturing,food products | beverages | snacks | confectionery | bakery products | meat products | dairy products | fruit juices | soft drinks | brewery products,raw agricultural materials | packaging materials | processing equipment | cooking oil | flavorings | preservatives | food safety equipment | quality control systems | labelling machinery | distribution networks
Consumer Packaged Goods,food products | beverage packaging | personal care items | household goods | consumer electronics | packaging materials | food manufacturing | beverage production | personal care products | household appliances,packaging materials | raw materials | manufacturing equipment | logistics software | distribution networks | warehousing facilities | transportation services | supply chain management | quality control systems | regulatory compliance
Fast-Moving Consumer Goods,food products | beverage packaging | personal care items | household goods | consumer electronics | packaging materials | food manufacturing | beverage production | personal care products | household appliances,packaging materials | raw materials | manufacturing equipment | logistics software | distribution networks | warehousing facilities | transportation services | supply chain management | quality control systems | regulatory compliance
Pharmaceutical Manufacturing,pharmaceuticals | medicinal products | biotechnology | drug development | clinical trials | pharmaceutical research | medicinal manufacturing | pharmaceutical production | biopharmaceuticals | vaccine development,raw materials | manufacturing equipment | quality control systems | regulatory compliance | clinical trial software | research facilities | biotechnology platforms | pharmaceutical testing | sterilization equipment | pharmaceutical packaging
Medical Device Manufacturing,medical devices | medical equipment | surgical instruments | diagnostic tools | medical imaging | prosthetics | orthotics | implantable devices | medical implants | surgical robots,raw materials | manufacturing equipment | quality control systems | regulatory compliance | research facilities | biotechnology platforms | medical imaging software | surgical simulation | medical testing equipment | sterilization equipment
Textile and Apparel Manufacturing,textiles | apparel products | fashion clothing | textile manufacturing | apparel production | textile production | fashion accessories | textile products | apparel manufacturing | fashion design,raw materials | manufacturing equipment | textile machinery | apparel software | design tools | textile testing equipment | quality control systems | regulatory compliance | warehousing facilities | distribution networks
Paper and Packaging,paper products | packaging solutions | cardboard boxes | paperboard manufacturing | corrugated boxes | paper bags | packaging materials | paper pulp | cardboard packaging | paper packaging,wood pulp | recycled paper | paper machines | corrugating equipment | printing presses | packaging machinery | cardboard rolls | paperboard sheets | adhesives chemicals | printing inks
Steel and Metals,steel manufacturing | metal fabrication | aluminum products | metal alloys | steel processing | metal stamping | steel fabrication | metal forming | steel products | metalworking,raw iron ore | scrap metals | steel coils | metal sheets | aluminum ingots | steel rolls | metal cutting tools | welding equipment | metal forming machines | heat treatment ovens
Mining,mining operations | ore extraction | mineral processing | coal mining | mineral extraction | ore refining | mineral products | coal products | mining equipment | mineral resources,heavy machinery | mining vehicles | drilling equipment | excavation tools | mining software | geological surveys | mining services | mining chemicals | drilling fluids | safety gear
Plastics and Rubber,plastic products | rubber manufacturing | plastic molding | rubber products | plastic injection | rubber processing | plastic extrusion | rubber compounds | plastic materials | rubber goods,petroleum products | plastic pellets | rubber chemicals | plastic machinery | rubber molds | plastic tools | rubber equipment | plastic additives | rubber reinforcement | plastic compounds
Advanced Materials,advanced materials | nanomaterials | composite materials | smart materials | high-performance materials | advanced ceramics | metamaterials | advanced polymers | nanotechnology | advanced composites,research equipment | laboratory software | nanotechnology tools | material testing equipment | computational modeling | simulation software | material characterization | advanced microscopy | material synthesis | chemical reagents
Power Generation Equipment,power generation | electricity production | energy systems | generator manufacturing | power plant operations | electricity distribution | power grid management | energy infrastructure | power transmission | electricity supply,raw materials | manufacturing equipment | energy storage | generator components | power transmission lines | energy infrastructure | electricity distribution | power grid software | energy analytics | generator maintenance
Renewable Energy Equipment,renewable energy | solar power | wind energy | geothermal power | hydroelectric power | sustainable energy | clean energy | renewable systems | energy efficiency | sustainable infrastructure,solar panels | wind turbines | geothermal equipment | hydroelectric infrastructure | renewable energy storage | energy efficiency software | sustainable materials | renewable grid management | clean energy technologies | sustainable maintenance
Construction Materials,construction materials | building products | cement manufacturing | steel production | wood products | building insulation | construction equipment | building finishes | construction supplies | building materials,raw materials | manufacturing equipment | construction software | building insulation | steel production | wood processing | construction tools | building finishes | construction supplies | sustainable materials
Retail,retail sales | consumer products | merchandise management | store operations | customer service | retail marketing | product distribution | retail analytics | store layout | customer experience,merchandise inventory | retail software | store fixtures | display equipment | retail analytics | customer data | retail marketing | product packaging | store supplies | point of sale
E-commerce,e-commerce sales | online products | digital marketing | order fulfillment | customer service | e-commerce analytics | product distribution | digital payments | customer experience | online shopping,e-commerce software | digital marketing | online payment systems | order fulfillment | customer data | digital analytics | product packaging | shipping infrastructure | customer service tools | digital security
Direct-to-Consumer,digital products | customer services | subscription models | online experiences | personalized content | direct shipping | self-service portals | mobile apps | email marketing | data analytics,cloud infrastructure | e-commerce platforms | customer relationship software | data storage solutions | cybersecurity tools | digital marketing services | content management systems | shipping logistics | payment gateways | social media advertising
Omnichannel Retail,retail products | customer experiences | brick-and-mortar stores | online marketplaces | mobile commerce | in-store services | loyalty programs | price matching | return policies | inventory management,point-of-sale systems | inventory management software | supply chain management | e-commerce platforms | customer relationship software | digital signage | mobile payment solutions | shipping logistics | store fixtures | security systems
Grocery,food products | grocery delivery | supermarket chains | online ordering | curbside pickup | meal kits | food services | store brands | private labels | fresh produce,warehousing facilities | transportation networks | food processing equipment | packaging materials | cold storage solutions | inventory management software | supply chain management | point-of-sale systems | cash handling systems | security systems
Specialty Retail,specialty products | boutique stores | high-end fashion | luxury goods | exclusive brands | designer labels | limited edition items | collectible items | vintage clothing | handmade crafts,store fixtures | display cases | merchandising software | inventory management systems | supply chain management | e-commerce platforms | customer relationship software | digital marketing services | social media advertising | influencer marketing
Fashion and Apparel,fashion products | apparel brands | clothing lines | accessory designs | footwear styles | handbags | jewelry designs | cosmetic products | fragrance lines | beauty services,textile manufacturing equipment | sewing machines | cutting tools | embroidery software | pattern making systems | fashion design software | inventory management systems | supply chain management | e-commerce platforms | customer relationship software
Luxury Goods,luxury products | high-end fashion | designer accessories | exclusive jewelry | handcrafted leather | fine watches | premium fragrances | customized shoes | tailored suits | exclusive handbags,precious metals | quality materials | skilled labor | advanced machinery | high-end software | luxury packaging | exclusive branding | premium marketing | high-end logistics | secure storage
Consumer Goods,consumer electronics | household appliances | personal care items | food products | beverage packaging | home decor items | furniture products | kitchenware items | textile products | packaging materials,raw materials | production equipment | packaging supplies | transportation services | warehousing facilities | quality control software | supply chain management | distribution networks | retail partnerships | market research tools
Beauty and Personal Care,skincare products | haircare products | fragrance items | cosmetic products | personal care items | beauty tools | skincare devices | hair coloring products | fragrance packaging | beauty accessories,natural ingredients | skincare equipment | fragrance testing | cosmetic packaging | beauty software | skincare research | fragrance development | personal care tools | beauty marketing | skincare training
Health and Wellness Products,health supplements | wellness products | fitness equipment | nutrition items | health food | wellness software | fitness apps | health monitoring | nutrition planning | wellness services,healthy ingredients | fitness equipment | health software | wellness research | nutrition consulting | health marketing | fitness training | health testing | wellness partnerships | health data analytics
Home and Garden,home decor items | garden products | furniture products | kitchenware items | textile products | packaging materials | home appliances | garden tools | home security systems | home automation,raw materials | production equipment | packaging supplies | transportation services | warehousing facilities | quality control software | supply chain management | distribution networks | retail partnerships | market research tools
Furniture,furniture manufacturing | woodworking | furniture design | wood products | furniture assembly | furniture finishing | woodworking tools | furniture retail | furniture wholesale | interior design,wood materials | metal hardware | fabric upholstery | woodworking machinery | furniture packaging | wood finishes | furniture displays | retail software | logistics services | warehouse equipment
Automotive Retail,new vehicle sales | used vehicle sales | automotive financing | vehicle maintenance | automotive repair | vehicle inspections | automotive insurance | vehicle registration | automotive accessories | vehicle delivery,new vehicles | used vehicles | automotive software | vehicle inspection tools | repair equipment | insurance policies | registration services | accessory products | transportation services | inventory management
Food Service,food preparation | food service | restaurant operations | food safety | food handling | food storage | food presentation | menu planning | food costing | food quality control,food ingredients | packaging materials | food equipment | point of sale systems | inventory management software | food safety training | restaurant furniture | kitchen appliances | food waste management | food disposal services
Quick Service Restaurant,fast food service | quick service food | restaurant operations | food preparation | food safety | food handling | food presentation | menu planning | food costing | food quality control,food ingredients | packaging materials | food equipment | point of sale systems | inventory management software | food safety training | restaurant furniture | kitchen appliances | food waste management | food disposal services
Hospitality,hotel operations | lodging services | hotel management | guest services | hotel amenities | room preparation | hotel maintenance | housekeeping services | hotel security | hotel marketing,hotel furniture | bedding products | hotel equipment | housekeeping supplies | hotel software | guest services platforms | hotel maintenance tools | security systems | hotel marketing services | hotel amenities packages
Hotel and Lodging,hotel rooms | lodging services | travel packages | accommodation deals | tourist attractions | hotel amenities | guest experiences | lodging facilities | tour operators | hotel management,hotel furniture | lodging software | travel equipment | accommodation systems | tourist infrastructure | hotel maintenance | lodging supplies | travel agency | hotel security | lodging equipment
Travel and Tourism,travel services | tourist attractions | tour operators | travel packages | tourist experiences | travel deals | tourist infrastructure | travel agency | tourist information | travel management,travel equipment | tourist infrastructure | travel software | tour operator | travel agency | tourist supplies | travel maintenance | tourist equipment | travel security | tourist systems
Wholesale and Distribution,wholesale goods | distribution services | retail products | wholesale markets | distribution networks | wholesale pricing | retail sales | wholesale logistics | distribution centers | retail management,warehousing equipment | distribution software | wholesale inventory | retail displays | distribution vehicles | wholesale supplies | retail equipment | distribution maintenance | wholesale security | retail systems
Oil and Gas,oil production | gas extraction | petroleum products | oil refining | gas processing | oil exploration | gas reserves | oil drilling | gas pipelines | oil exports,drilling equipment | refining software | gas infrastructure | oil exploration | gas processing | oil maintenance | gas supplies | oil security | gas equipment | oil systems
Upstream Oil and Gas,oil exploration | gas extraction | petroleum reserves | oil drilling | gas reserves | oil production | gas processing | oil exploration | gas extraction | oil reserves,drilling equipment | exploration software | gas infrastructure | oil exploration | gas processing | oil maintenance | gas supplies | oil security | gas equipment | oil systems
Midstream Oil and Gas,oil pipelines | gas processing | petroleum transport | crude oil | natural gas | refinery feedstock | pipeline infrastructure | oil storage | gas distribution | energy transmission,pipeline equipment | gas processing units | crude oil storage tanks | pipeline maintenance | oil transportation vessels | gas compression units | pipeline inspection tools | oil storage facilities | gas distribution networks | energy transmission lines
Downstream Oil and Gas,refined products | petroleum products | gasoline production | fuel manufacturing | chemicals production | oil refining | gas processing | petroleum chemicals | fuel distribution | energy products,refinery equipment | crude oil | gas processing units | refinery feedstock | chemicals production facilities | fuel storage tanks | gas distribution networks | petroleum chemicals production | fuel transportation vessels | energy storage facilities
Renewable Energy,renewable power | sustainable energy | clean energy | energy generation | power production | solar power | wind power | geothermal energy | hydro energy | bioenergy,renewable energy systems | solar panels | wind turbines | geothermal equipment | hydroelectric infrastructure | biofuel production facilities | energy storage systems | renewable energy financing | sustainable energy technologies | clean energy solutions
Solar Energy,solar power | solar panels | renewable energy | sustainable power | clean energy | photovoltaic systems | solar energy systems | solar manufacturing | solar panel production | energy generation,solar panels | renewable energy systems | solar panel manufacturing equipment | solar panel production facilities | solar energy storage systems | sustainable energy technologies | clean energy solutions | solar panel installation tools | solar panel maintenance equipment | renewable energy financing
Wind Energy,wind power | renewable energy | sustainable power | clean energy | wind turbines | wind energy systems | wind manufacturing | wind farm operations | wind energy production | energy generation,wind turbines | renewable energy systems | wind turbine manufacturing equipment | wind farm infrastructure | wind energy storage systems | sustainable energy technologies | clean energy solutions | wind turbine installation tools | wind turbine maintenance equipment | renewable energy financing
Nuclear Energy,nuclear power | electricity generation | nuclear reactors | uranium fuel | nuclear waste | power plants | nuclear safety | energy production | nuclear research | fission reactions,uranium ore | nuclear reactors | cooling systems | control systems | safety equipment | nuclear fuel | power transmission | energy storage | nuclear research | waste disposal
Electric Utilities,electricity distribution | power transmission | electricity generation | electric grids | power plants | energy storage | electricity sales | power delivery | electricity supply | renewable energy,power transmission lines | electric grids | power generation equipment | energy storage systems | substations | transformers | distribution equipment | power delivery software | electricity supply contracts | renewable energy sources
Gas Utilities,natural gas distribution | gas pipelines | gas storage | gas transmission | gas supply | energy delivery | gas sales | power generation | gas infrastructure | energy trading,gas pipelines | gas storage facilities | gas transmission equipment | gas processing plants | gas supply contracts | energy storage systems | gas infrastructure | pipeline maintenance | gas compression equipment | gas trading platforms
Water Utilities,water treatment | water distribution | water supply | water infrastructure | water quality | drinking water | water recycling | water conservation | water management | water resources,water treatment plants | water distribution systems | water supply contracts | water infrastructure upgrades | water quality monitoring | water recycling facilities | water conservation measures | water management software | water resources development | water storage tanks
Power Generation,electricity generation | power plants | energy production | power transmission | energy storage | renewable energy | fossil fuels | nuclear power | energy trading | power delivery,power generation equipment | energy storage systems | power transmission lines | renewable energy sources | fossil fuel reserves | nuclear reactors | energy trading platforms | power delivery software | energy storage facilities | power plant maintenance
Smart Grid,grid infrastructure | smart energy | electricity distribution | power management | energy efficiency | smart metering | grid monitoring | energy analytics | power grid | electricity supply,grid equipment | power transformers | circuit breakers | switchgear | electric meters | power cables | grid software | energy storage | power generation | substation equipment
Energy Storage,energy storage systems | battery technology | power backup | energy reserve | electricity supply | renewable energy | energy efficiency | power grid | energy management | sustainable power,batteries | energy storage units | power inverters | charge controllers | energy management software | grid infrastructure | power transformers | circuit breakers | power cables | substation equipment
Energy Management,energy management systems | power monitoring | energy efficiency | electricity supply | grid infrastructure | energy analytics | power grid | energy reserve | sustainable power | renewable energy,energy management software | grid equipment | power transformers | circuit breakers | switchgear | electric meters | power cables | substation equipment | power generation | energy storage units
Clean Energy,renewable energy | sustainable power | clean electricity | green energy | energy efficiency | carbon reduction | eco-friendly power | sustainable solutions | clean technology | environmental impact,solar panels | wind turbines | geothermal systems | hydroelectric power | biofuels | energy storage units | green infrastructure | sustainable materials | eco-friendly equipment | carbon capture
Commercial Real Estate,commercial properties | office buildings | retail spaces | industrial facilities | residential complexes | commercial development | property management | real estate investment | commercial leasing | property sales,commercial land | office furniture | retail fixtures | industrial equipment | construction materials | property software | real estate services | leasing agreements | property insurance | facilities management
Residential Real Estate,residential properties | real estate sales | property listings | home staging | residential renovations | property valuations | residential appraisals | real estate agents | residential buyers | residential sellers,residential construction | property maintenance | real estate software | residential furniture | property decor | residential appliances | property security | residential electronics | residential tools | property insurance
Industrial Real Estate,industrial properties | warehousing services | industrial logistics | manufacturing facilities | industrial equipment | industrial supplies | industrial machinery | industrial manufacturing | industrial storage | industrial distribution,industrial construction | warehousing equipment | industrial software | industrial machinery | industrial materials | industrial tools | industrial vehicles | industrial packaging | industrial security | industrial insurance
Property Management,property management | rental properties | property maintenance | tenant relations | property inspections | rental agreements | property accounting | property reporting | property compliance | property audits,property software | property maintenance | property decor | property security | property electronics | property tools | property insurance | property supplies | property equipment | property vehicles
Real Estate Development,real estate development | property acquisition | land development | construction projects | real estate investments | property valuations | real estate appraisals | property renovations | real estate sales | property listings,construction equipment | building materials | real estate software | property decor | property security | property electronics | property tools | property insurance | property supplies | property vehicles
General Contracting,general contracting | construction services | building projects | construction management | contractor services | construction equipment | building materials | construction software | construction inspections | construction reports,construction equipment | building materials | construction software | construction tools | construction vehicles | construction insurance | construction supplies | construction machinery | construction packaging | construction security
Engineering and Construction,building structures | civil engineering | construction projects | infrastructure development | site management | project planning | construction equipment | building materials | site preparation | structural design,heavy machinery | construction tools | building materials | civil engineering software | infrastructure equipment | site preparation services | construction vehicles | engineering software | project management tools | building insulation
Architecture and Engineering,building designs | structural engineering | architectural plans | engineering services | building systems | design software | building codes | engineering standards | building materials | structural analysis,computer aided design software | engineering software | building materials | structural analysis tools | design software | building information modeling | engineering consulting services | building codes compliance | structural testing equipment | building simulation software
Facilities Management,facility maintenance | space management | asset management | energy efficiency | building operations | space planning | facility services | space utilization | energy management | building maintenance,energy management software | facility maintenance equipment | space planning tools | asset management software | energy efficiency solutions | facility services contracts | space utilization analytics | energy monitoring systems | building maintenance services | facility operations software
Third-Party Logistics,logistics services | supply chain management | warehousing operations | transportation management | inventory management | order fulfillment | shipping services | freight forwarding | warehousing facilities | distribution centers,warehousing equipment | transportation management software | inventory management systems | logistics software | warehousing facilities | shipping containers | freight forwarding services | transportation equipment | warehousing management software | distribution center operations
Freight,freight transportation | shipping services | logistics operations | freight forwarding | transportation management | freight management | shipping containers | freight handling | transportation equipment | freight storage,shipping containers | transportation equipment | freight handling equipment | transportation management software | freight forwarding services | shipping software | freight storage facilities | transportation infrastructure | freight management systems | warehousing equipment
Trucking,trucking services | transportation networks | freight management | logistics operations | haulage services | cargo delivery | fleet management | route optimization | driver scheduling | vehicle maintenance,trucks | trailers | fuel | tires | maintenance equipment | logistics software | GPS systems | driver training | warehousing facilities | insurance policies
Last Mile Delivery,last mile delivery | package sorting | delivery networks | courier services | parcel management | delivery routes | route optimization | delivery tracking | customer service | delivery logistics,vehicles | fuel | tires | logistics software | GPS systems | warehousing facilities | delivery equipment | insurance policies | driver training | package handling machines
Warehousing and Fulfillment,warehousing services | fulfillment centers | inventory management | order fulfillment | supply chain management | warehousing operations | inventory control | shipping and receiving | warehousing facilities | logistics operations,warehouses | forklifts | inventory management software | warehousing equipment | shipping and receiving software | inventory tracking systems | warehousing machinery | storage containers | inventory management tools | warehousing robots
Cold Chain Logistics,cold chain logistics | temperature control | pharmaceutical shipping | food transportation | temperature monitoring | cold storage facilities | pharmaceutical distribution | temperature control systems | cold chain management | temperature tracking,refrigerated containers | temperature control equipment | cold storage facilities | temperature monitoring systems | pharmaceutical shipping containers | temperature control software | cold chain logistics software | temperature tracking systems | cold storage equipment | refrigeration units
Shipping and Maritime,shipping services | maritime transportation | cargo shipping | container shipping | freight forwarding | shipping operations | maritime logistics | shipping management | cargo handling | port operations,ships | containers | cargo handling equipment | port facilities | shipping software | maritime logistics software | cargo handling machines | shipping equipment | maritime vessels | port management systems
Rail,rail services | train operations | passenger transport | freight logistics | rail infrastructure | commuter rail | high-speed rail | railway maintenance | train maintenance | railway networks,railway equipment | locomotives | railway tracks | signaling systems | communication systems | power supply | railway vehicles | infrastructure upgrades | maintenance services | transportation software
Air Freight,air cargo | freight transport | air logistics | air freight services | cargo handling | air transportation | freight forwarding | air cargo handling | air freight operations | cargo management,aircraft maintenance | cargo aircraft | freight handling equipment | airport infrastructure | cargo software | transportation services | freight management systems | warehousing facilities | logistics platforms | cargo security systems
Ride-Sharing,ride sharing services | transportation networks | car sharing | mobility services | ride hailing | car rental | transportation apps | mobility platforms | carpooling services | transportation software,fleet management systems | vehicle maintenance | car rental software | transportation infrastructure | mobility platforms | fleet insurance | car sharing software | transportation analytics | ride sharing platforms | fleet tracking systems
Fleet Management,fleet management services | vehicle maintenance | fleet operations | fleet logistics | fleet management software | fleet tracking | fleet analytics | fleet security | fleet maintenance | fleet management,fleet management systems | vehicle tracking | fleet insurance | fleet software | transportation infrastructure | fleet analytics | fleet security systems | fleet maintenance equipment | fleet management platforms | fleet optimization tools
Autonomous Vehicles,autonomous vehicles | self-driving cars | autonomous trucks | autonomous delivery | autonomous taxis | autonomous drones | autonomous systems | autonomous technology | autonomous vehicles | autonomous driving,autonomous software | sensor systems | mapping technology | autonomous hardware | artificial intelligence | machine learning | data analytics | autonomous testing | autonomous validation | autonomous simulation
Urban Mobility,public transportation | electric vehicles | traffic management | ride sharing | infrastructure development | sustainable energy | smart traffic | autonomous systems | urban planning | sustainable infrastructure,electric vehicle charging | sustainable energy solutions | traffic management software | infrastructure development tools | public transportation systems | autonomous vehicle technology | smart traffic infrastructure | sustainable materials | urban planning software | green energy investments
Freight Forwarding,international shipping | logistics services | freight management | warehousing solutions | supply chain optimization | transportation management | customs clearance | freight forwarding | shipping containers | global logistics,shipping containers | warehousing infrastructure | transportation management software | logistics equipment | freight management systems | customs clearance services | supply chain analytics | shipping software | warehousing technology | logistics platforms
Customs and Trade,customs clearance | trade compliance | import export | tariff management | regulatory affairs | global trade | export management | import regulations | trade agreements | customs brokerage,customs software | trade compliance tools | regulatory affairs services | tariff management systems | export management software | import regulations consulting | trade agreement analysis | customs brokerage services | regulatory affairs technology | trade analytics
Digital Media,digital content | online advertising | social media | video production | digital marketing | influencer marketing | content creation | digital publishing | online engagement | brand awareness,content creation software | digital marketing platforms | influencer marketing services | video production equipment | social media management tools | online advertising technology | content analytics | digital publishing platforms | brand awareness software | influencer marketing tools
Print Media,print publications | magazine publishing | newspaper printing | book printing | print advertising | magazine circulation | newspaper distribution | print design | print production | media publishing,print equipment | magazine publishing software | newspaper printing technology | book printing machinery | print advertising services | magazine circulation management | newspaper distribution systems | print design software | print production tools | media publishing platforms
Broadcasting,broadcast services | media content | television programming | radio broadcasting | satellite signals | cable networks | live events | news coverage | entertainment shows | public relations,broadcast equipment | satellite infrastructure | cable networks | studio facilities | live event venues | newsroom software | entertainment studios | public relations services | advertising space | media analytics
Television,television programming | media content | live events | news coverage | entertainment shows | public relations | advertising space | media analytics | ratings reports | viewership metrics,studio facilities | live event venues | newsroom software | entertainment studios | public relations services | advertising space | media analytics | ratings software | viewership tools | broadcast equipment
Streaming and Over-the-Top,streaming services | video content | music streaming | online gaming | live events | sports streaming | entertainment shows | original content | user experience | subscription models,cloud infrastructure | content delivery networks | streaming software | user experience tools | subscription management | payment gateways | security services | data analytics | customer support | marketing automation
Digital Advertising,advertising space | digital media | online marketing | social media | email marketing | search engine optimization | influencer marketing | brand awareness | targeted ads | conversion rates,advertising software | data analytics | marketing automation | social media management | email marketing tools | search engine optimization software | influencer networks | brand reputation services | targeting platforms | conversion rate optimization
Programmatic Advertising,programmatic ads | digital media | targeted ads | ad exchange | real-time bidding | ad serving | data analytics | marketing automation | brand awareness | ad effectiveness,advertising software | data management platforms | marketing automation | ad exchange infrastructure | real-time bidding platforms | ad serving software | data analytics tools | targeting platforms | ad effectiveness metrics | brand reputation services
Out-of-Home Advertising,billboards | advertising space | outdoor displays | urban signage | street furniture | digital screens | outdoor media | advertising networks | outdoor advertising | urban displays,advertising space | outdoor displays | urban signage | street furniture | digital screens | outdoor media | advertising networks | outdoor equipment | urban infrastructure | display technology
Performance Marketing Services,digital campaigns | performance metrics | marketing analytics | advertising platforms | data analysis | marketing insights | advertising services | digital marketing | performance tracking | marketing automation,advertising platforms | data analysis tools | marketing automation | performance metrics software | digital marketing tools | advertising services | data infrastructure | analytics platforms | marketing software | advertising technology
Influencer Marketing,influencer partnerships | social media campaigns | brand ambassadors | influencer networks | social media influencers | brand marketing | influencer advertising | social media management | influencer content | brand awareness,influencer networks | social media management | influencer advertising | brand marketing software | influencer content creation | social media analytics | influencer research tools | brand awareness campaigns | influencer partnerships | social media advertising
Social Media,social media platforms | online communities | digital engagement | social media marketing | user generated content | social media analytics | online advertising | social media management | social media monitoring | digital reputation,social media platforms | online advertising | social media management tools | social media analytics software | user generated content creation | digital engagement platforms | social media research tools | online community management | social media advertising | digital reputation management
Events and Conferences,event planning | conference organization | trade shows | event marketing | exhibition management | event logistics | conference services | event technology | event promotion | conference planning,event venues | conference equipment | trade show displays | event marketing software | exhibition infrastructure | event logistics services | conference services providers | event technology solutions | event promotion tools | conference planning software
Sports,athletic wear | sports equipment | stadiums | arenas | tickets | events | teams | leagues | players | coaches,training facilities | medical equipment | sports software | field maintenance | player safety gear | stadium infrastructure | team buses | athletic wear | sports analytics | player development tools
Esports,gaming tournaments | esports teams | professional gamers | streaming services | gaming hardware | esports leagues | prize pools | gaming software | esports events | gaming communities,gaming computers | esports software | streaming equipment | gaming chairs | esports analytics | team buses | gaming headsets | esports training facilities | gaming mice | esports infrastructure
Video Games,video game development | game engines | gaming software | video game publishers | game development studios | video game marketing | gaming communities | video game testing | gaming hardware | video game distribution,game development tools | gaming software | game engines | gaming computers | gaming headsets | gaming mice | gaming keyboards | gaming chairs | game development studios | gaming infrastructure
Film and Television Production,movie production | television shows | film editing | cinematography | screenwriting | film directing | television production | movie distribution | film marketing | television broadcasting,film equipment | television cameras | lighting equipment | sound recording equipment | film editing software | television production software | film sets | television studios | film crew | television broadcasting equipment
Music,music production | recording studios | music publishing | music distribution | music marketing | music licensing | music touring | music festivals | music events | music publishing,music equipment | recording software | music production tools | music publishing software | music distribution platforms | music marketing services | music touring buses | music festival infrastructure | music event equipment | music publishing rights
Podcasting,audio content | podcast episodes | digital media | online shows | audio publishing | digital distribution | media hosting | content creation | audio production | digital marketing,cloud infrastructure | digital storage | audio equipment | content management | digital analytics | media software | online security | content delivery | digital advertising | audio editing
K-12 Education,student learning | curriculum design | educational software | classroom management | student assessment | teacher training | academic support | student engagement | educational resources | academic achievement,classroom technology | educational software | student data | teacher training | curriculum materials | classroom furniture | student assessment | educational resources | school infrastructure | academic research
Higher Education,academic research | degree programs | university courses | student services | faculty development | academic support | student engagement | educational resources | campus facilities | academic achievement,university infrastructure | research funding | academic software | student data | faculty training | campus security | educational resources | research equipment | student housing | academic publishing
Vocational Training,job training | vocational skills | career development | workforce readiness | industry certification | job placement | career support | vocational education | job readiness | career advancement,training equipment | industry software | career resources | training facilities | job placement services | career development tools | vocational training software | industry partnerships | career support services | training materials
Online Education,online courses | digital learning | e-learning platforms | student engagement | academic support | online resources | digital content | student assessment | online communities | academic achievement,online infrastructure | digital storage | e-learning software | online security | digital analytics | online marketing | digital advertising | online support services | digital content creation | online community tools
Corporate Learning,corporate training | learning programs | employee development | skill enhancement | talent management | leadership coaching | workshops | seminars | online courses | certification programs,training software | learning platforms | educational resources | assessment tools | evaluation systems | content creation | instructional design | learning analytics | data analysis | IT infrastructure
Test Preparation,test preparation | exam training | academic support | study materials | practice tests | admission guidance | college readiness | standardized tests | educational services | academic coaching,educational software | test prep tools | study guides | practice exams | admission consulting | college counseling | standardized test prep | educational resources | assessment platforms | IT infrastructure
Language Learning,language instruction | language training | cultural immersion | language exchange | communication skills | language proficiency | language courses | language programs | language coaching | language development,language learning software | language platforms | educational resources | language assessment tools | translation services | interpreting services | language training tools | cultural resources | IT infrastructure | content creation
Research Institutions,scientific research | academic studies | data analysis | research publications | scholarly articles | scientific discoveries | research findings | academic papers | research projects | scientific data,research equipment | scientific software | data management tools | research funding | academic journals | library resources | research databases | IT infrastructure | scientific instruments | laboratory supplies
Federal Government,public policy | government services | regulatory compliance | public administration | government programs | policy analysis | government operations | public management | government agencies | public services,IT infrastructure | government software | regulatory tools | public safety equipment | government funding | research grants | data analytics | policy consulting | government contracts | public works projects
State Government,state services | public policies | taxation systems | budget planning | law enforcement | infrastructure development | public health programs | education services | social welfare programs | regulatory frameworks,infrastructure development | public transportation | law enforcement equipment | healthcare services | education software | social welfare programs | regulatory compliance tools | taxation software | budgeting platforms | public health infrastructure
Local Government,local services | community development | public safety | infrastructure maintenance | zoning regulations | planning departments | public works projects | community programs | emergency response | neighborhood revitalization,infrastructure maintenance | public transportation | emergency response equipment | community development programs | planning software | zoning compliance tools | public works equipment | community engagement platforms | local health services | neighborhood revitalization funds
Defense and Military,national security | military operations | defense systems | intelligence gathering | cyber warfare | military equipment | tactical training | strategic planning | logistical support | counterterrorism,military equipment | defense systems | intelligence gathering tools | cybersecurity software | logistical support services | tactical training programs | strategic planning platforms | national security infrastructure | counterterrorism equipment | intelligence analysis software
Intelligence,intelligence gathering | data analysis | cybersecurity | threat assessment | surveillance operations | counterintelligence | forensic analysis | security clearance | risk management | information security,intelligence gathering tools | data analysis software | cybersecurity platforms | surveillance equipment | forensic analysis tools | security clearance services | risk management software | information security systems | threat assessment tools | counterintelligence services
Public Safety,emergency response | law enforcement | public health | disaster relief | fire prevention | crime prevention | community policing | emergency preparedness | public health programs | safety regulations,emergency response equipment | law enforcement tools | public health infrastructure | disaster relief services | fire prevention equipment | crime prevention software | community policing programs | emergency preparedness platforms | public health services | safety compliance tools
Non-Profit,social services | community programs | fundraising campaigns | charity events | donation drives | volunteer work | grant applications | nonprofit management | philanthropic initiatives | community outreach,donation funds | grant money | volunteer time | community resources | nonprofit software | fundraising tools | charity platforms | donation management | philanthropic networks | community infrastructure
Non-Governmental Organization,humanitarian aid | development projects | human rights advocacy | policy reform initiatives | conflict resolution | disaster relief efforts | humanitarian services | ngo management | humanitarian programs | global outreach,humanitarian funds | development grants | ngo software | policy reform tools | conflict resolution platforms | disaster relief equipment | humanitarian infrastructure | ngo networks | humanitarian resources | global partnerships
Associations and Trade Groups,industry standards | trade regulations | member services | professional development | industry events | trade advocacy | member benefits | industry research | trade publications | industry networking,membership fees | trade publications | industry research tools | trade advocacy platforms | industry events management | member benefits software | trade infrastructure | industry networking platforms | trade education | industry partnerships
International Organizations,global governance | international cooperation | diplomatic relations | human rights enforcement | global development | international law | global security | international relations | global health initiatives | humanitarian aid,international funding | global development grants | diplomatic relations software | human rights enforcement tools | global security platforms | international law resources | global health infrastructure | international relations networks | global partnerships | humanitarian aid equipment
Agriculture,crop production | livestock farming | agricultural equipment | farm management | agricultural research | crop rotation | irrigation systems | fertilizer application | pest control measures | agricultural products,seeds and fertilizers | agricultural equipment | irrigation systems | pest control tools | farm management software | agricultural research grants | crop rotation planning | fertilizer management | livestock feed | agricultural infrastructure
Agricultural Technology,farm equipment | precision tools | agricultural software | crop monitoring | soil analysis | weather forecasting | irrigation systems | fertilizers | pesticides | seeds,cloud infrastructure | raw materials | manufacturing equipment | logistics software | data analytics | artificial intelligence | machine learning | sensors | drones | satellite imaging
Precision Agriculture,crop monitoring | soil analysis | weather forecasting | irrigation systems | fertilizers | pesticides | seeds | agricultural software | precision tools | farm equipment,cloud infrastructure | raw materials | manufacturing equipment | logistics software | data analytics | artificial intelligence | machine learning | sensors | drones | satellite imaging
Food Technology,food processing | packaging materials | food safety | nutrition supplements | flavor enhancers | food additives | preservatives | food storage | food transportation | food packaging,raw materials | manufacturing equipment | packaging machinery | food testing | quality control | regulatory compliance | food safety protocols | supply chain management | distribution networks | warehousing facilities
Animal Health,vaccines | animal feed | pet care | animal nutrition | disease diagnosis | animal health products | pet medications | animal monitoring | veterinary services | animal welfare,raw materials | manufacturing equipment | veterinary supplies | animal testing | regulatory compliance | quality control | supply chain management | distribution networks | warehousing facilities | logistics software
Aquaculture,fish farming | aquatic feed | water quality | fish health | aquatic monitoring | fish breeding | fish processing | aquatic storage | fish transportation | aquatic equipment,raw materials | manufacturing equipment | aquatic testing | regulatory compliance | quality control | supply chain management | distribution networks | warehousing facilities | logistics software | water treatment
Forestry,wood products | forest management | tree planting | timber harvesting | forest conservation | wood processing | forest ecology | sustainable forestry | woodland restoration | forest products,forest equipment | tree seeds | fertilizers | pesticides | logging machinery | forest management software | tree planting tools | forest nursery | soil conditioners | silviculture services
