title,work_key,invest_key
Founder,company vision | financial oversight | product roadmap | team management | market research | business strategy | growth planning | market analysis | product development | customer acquisition,CRM software | legal counsel | cloud infrastructure | recruitment tools | marketing automation | data analytics | project management | collaboration platform | cybersecurity measures | accounting software
Co-Founder,business partnership | co-founder responsibilities | company operations | financial management | product launch | team collaboration | market expansion | business growth | product improvement | customer engagement,ERP software | cloud storage | project management | communication tools | time tracking | customer support | IT infrastructure | HR software | marketing tools | financial planning
Owner,business ownership | company management | financial control | product strategy | market positioning | team leadership | growth initiatives | market analysis | product development | customer satisfaction,accounting software | HR management | cybersecurity measures | marketing automation | data analytics | project management | collaboration platform | recruitment tools | cloud infrastructure | legal counsel
Co-Owner,co-owner responsibilities | business partnership | company operations | financial management | product launch | team collaboration | market expansion | business growth | product improvement | customer engagement,ERP software | cloud storage | project management | communication tools | time tracking | customer support | IT infrastructure | HR software | marketing tools | financial planning
Entrepreneur in Residence,start-up guidance | business mentorship | company strategy | financial planning | product development | market research | team management | growth initiatives | market analysis | customer acquisition,CRM software | legal counsel | cloud infrastructure | recruitment tools | marketing automation | data analytics | project management | collaboration platform | cybersecurity measures | accounting software
Venture Partner,portfolio companies | startups | growth strategy | investment deals | due diligence | venture capital | investment portfolio | exit strategies | funding rounds | venture firms,venture capital | private equity | growth equity | seed funding | series A funding | CRM software | legal counsel | cloud infrastructure | recruitment tools | market research
Operating Partner,operational efficiency | business operations | process improvement | team management | strategic planning | organizational change | change management | leadership development | performance metrics | business growth,ERP software | project management | HR software | cloud storage | cybersecurity | data analytics | market research | recruitment tools | training programs | consulting services
General Partner,investment decisions | fund performance | portfolio management | investment strategy | risk management | fundraising efforts | LP relationships | fund governance | investment reporting | portfolio reporting,hedge funds | private equity funds | venture capital funds | fund administration | portfolio management software | risk management tools | fund accounting | compliance software | regulatory reporting | tax compliance
Limited Partner,investment returns | fund performance | portfolio reporting | investment reporting | risk management | fund governance | LP relationships | investment strategy | portfolio management | fund administration,hedge funds | private equity funds | venture capital funds | fund administration | portfolio management software | risk management tools | fund accounting | compliance software | regulatory reporting | tax compliance
Chief Executive Officer,strategic planning | business growth | leadership development | team management | organizational change | change management | performance metrics | business operations | operational efficiency | executive leadership,ERP software | project management | HR software | cloud storage | cybersecurity | data analytics | market research | recruitment tools | training programs | consulting services
President,company strategy | executive team | board relations | corporate governance | financial oversight | market trends | industry analysis | business growth | market expansion | competitive landscape,executive coaching | board software | market research | industry reports | financial planning | cloud infrastructure | HR tools | marketing automation | customer relationship | data analytics
Managing Director,business operations | team management | project delivery | client relations | market intelligence | financial management | risk assessment | business development | market entry | regulatory compliance,project management | client relationship | market intelligence | financial software | regulatory consulting | business analytics | HR services | marketing strategy | customer support | IT infrastructure
Executive Director,strategic planning | executive leadership | team building | change management | organizational design | performance metrics | business outcomes | market positioning | competitive strategy | innovation initiatives,executive training | leadership development | organizational design | change management | performance software | business intelligence | market research | customer experience | IT services | digital transformation
General Manager,business performance | operational efficiency | team management | customer satisfaction | market share | product development | supply chain management | financial management | regulatory compliance | market analysis,business intelligence | customer relationship | market research | financial planning | IT infrastructure | HR services | marketing automation | supply chain software | regulatory consulting | product development
Country Manager,market expansion | business growth | team management | client relations | market intelligence | financial management | regulatory compliance | business development | market entry | local partnerships,market research | client relationship | market intelligence | financial software | regulatory consulting | business analytics | HR services | marketing strategy | customer support | IT infrastructure
Regional General Manager,market growth | regional expansion | team management | sales strategy | customer acquisition | regional operations | regional sales | market share | regional development | regional performance,CRM software | market research tools | regional travel | recruitment tools | sales training | market intelligence | regional marketing | travel expenses | market analysis | regional infrastructure
Division President,division growth | product development | division strategy | division operations | division sales | division performance | division management | product launch | division expansion | division profitability,product development software | division marketing | product launch tools | division travel | product research | division intelligence | product analysis | division infrastructure | product training | division counsel
Group President,group growth | corporate strategy | group operations | group sales | group performance | group management | group development | group expansion | group profitability | group vision,corporate counsel | group marketing | corporate research | group intelligence | corporate analysis | group infrastructure | corporate training | group software | corporate tools | group services
Interim Chief Executive Officer,executive leadership | company turnaround | executive strategy | executive operations | executive sales | executive performance | executive management | executive development | executive expansion | executive vision,executive coaching | executive software | executive research | executive intelligence | executive analysis | executive infrastructure | executive training | executive tools | executive counsel | executive services
Fractional Chief Executive Officer,executive guidance | company strategy | executive operations | executive sales | executive performance | executive management | executive development | executive expansion | executive vision | executive leadership,executive software | executive research | executive intelligence | executive analysis | executive infrastructure | executive training | executive tools | executive counsel | executive services | executive marketing
Chief Revenue Officer,revenue growth | sales strategy | customer acquisition | market expansion | price optimization | revenue streams | sales forecasting | revenue analysis | customer retention | sales performance,CRM software | sales enablement | marketing automation | data analytics | cloud infrastructure | recruitment tools | sales training | customer success | sales intelligence | account management
Chief Sales Officer,sales strategy | revenue growth | customer acquisition | sales performance | sales forecasting | customer retention | sales enablement | market expansion | price optimization | sales analysis,sales training | CRM software | marketing automation | recruitment tools | sales intelligence | customer success | data analytics | cloud infrastructure | sales enablement | account management
Chief Commercial Officer,commercial strategy | revenue growth | market expansion | customer acquisition | sales performance | price optimization | revenue analysis | sales forecasting | customer retention | sales enablement,CRM software | sales training | marketing automation | recruitment tools | sales intelligence | customer success | data analytics | cloud infrastructure | account management | sales enablement
Chief Operating Officer,operational efficiency | process improvement | team management | project management | risk management | compliance oversight | change management | organizational design | business continuity | supply chain management,project management tools | HR software | communication platforms | collaboration tools | data analytics | cloud infrastructure | recruitment tools | training programs | change management | business intelligence
Chief Financial Officer,financial planning | budgeting | forecasting | financial analysis | risk management | compliance oversight | financial reporting | accounting | tax planning | investment strategy,accounting software | financial planning tools | tax compliance | investment management | risk assessment | financial intelligence | data analytics | cloud infrastructure | recruitment tools | HR software
Chief Technology Officer,software development | infrastructure management | network security | cloud services | IT operations | system integration | data analytics | cybersecurity | tech support | digital transformation,cloud infrastructure | cybersecurity tools | IT equipment | software licenses | network hardware | data storage | AI platforms | machine learning | DevOps tools | IT consulting
Chief Product Officer,product development | market research | customer feedback | product launch | market analysis | product roadmap | user experience | product design | market strategy | product growth,product design software | market research tools | customer feedback platforms | product launch services | market analysis software | product management tools | UX design | product development platforms | market strategy consulting | product growth analytics
Chief Marketing Officer,brand management | advertising campaigns | market strategy | customer engagement | social media | content creation | market research | brand awareness | lead generation | market analysis,advertising software | social media management | content creation tools | market research platforms | brand management services | lead generation software | market analysis tools | SEO services | email marketing | influencer marketing
Chief Information Officer,IT strategy | infrastructure management | data security | IT operations | system integration | IT governance | data analytics | tech support | digital transformation | IT risk management,cloud infrastructure | cybersecurity tools | IT equipment | software licenses | network hardware | data storage | IT consulting | IT services | cybersecurity services | IT training
Chief Data Officer,data governance | data analytics | data strategy | data management | data security | data architecture | data quality | data visualization | data integration | data science,data analytics software | data management platforms | data security services | data architecture tools | data quality software | data visualization tools | data integration platforms | data science services | data governance tools | data management consulting
Chief Digital Officer,digital strategy | online presence | brand identity | customer engagement | social media | content creation | user experience | digital marketing | web development | mobile apps,digital marketing software | SEO tools | social media platforms | content management system | web analytics | mobile infrastructure | cloud hosting | email marketing | customer relationship management | advertising platforms
Chief Analytics Officer,data analysis | business intelligence | market research | customer insights | performance metrics | data visualization | reporting dashboards | statistical modeling | data mining | predictive analytics,data analytics software | business intelligence tools | market research services | statistical modeling platforms | data visualization tools | reporting dashboards | data mining software | predictive analytics | machine learning platforms | data warehousing
Chief Artificial Intelligence Officer,AI strategy | machine learning | natural language processing | computer vision | predictive modeling | autonomous systems | AI ethics | data governance | AI security | AI research,machine learning software | natural language processing tools | computer vision platforms | predictive analytics | autonomous systems | AI security software | data governance tools | AI research services | AI ethics consulting | cloud infrastructure
Chief Growth Officer,growth strategy | market expansion | customer acquisition | revenue growth | market research | competitive analysis | business development | partnerships | market entry | expansion planning,market research services | competitive analysis tools | business development software | partnership management platforms | market entry services | expansion planning tools | growth hacking software | customer acquisition platforms | revenue growth analytics | market expansion tools
Chief Customer Officer,customer experience | customer service | customer support | customer engagement | customer feedback | customer insights | customer journey | customer retention | customer satisfaction | customer loyalty,customer relationship management | customer service software | customer support tools | customer engagement platforms | customer feedback analytics | customer insights services | customer journey mapping | customer retention software | customer satisfaction metrics | customer loyalty programs
Chief Experience Officer,customer satisfaction | user engagement | product feedback | experience design | user journey | customer insights | user experience | product development | customer support | user research,UX design tools | customer feedback software | user research platforms | product testing equipment | customer support services | user experience training | product development tools | customer insights platforms | user research software | experience design services
Chief Information Security Officer,security protocols | data protection | network security | cybersecurity threats | information assurance | security compliance | data encryption | incident response | security awareness | risk management,security software | cybersecurity services | network security tools | data protection platforms | security compliance tools | incident response services | risk management software | security awareness training | cybersecurity consulting | data encryption tools
Chief Legal Officer,legal contracts | regulatory compliance | litigation management | dispute resolution | contract negotiation | legal research | regulatory affairs | compliance management | dispute resolution services | contract review,legal research software | regulatory compliance tools | litigation management services | dispute resolution platforms | contract negotiation training | legal counsel services | regulatory affairs consulting | compliance management software | dispute resolution tools | contract review services
Chief Compliance Officer,compliance programs | regulatory affairs | risk management | compliance monitoring | policy development | compliance training | regulatory updates | compliance audits | risk assessment | compliance reporting,compliance software | regulatory affairs consulting | risk management tools | compliance monitoring platforms | policy development services | compliance training programs | regulatory updates services | compliance audits software | risk assessment tools | compliance reporting platforms
Chief People Officer,talent management | employee engagement | performance metrics | succession planning | employee development | workforce planning | employee retention | organizational design | employee experience | leadership development,HR software | talent management tools | employee engagement platforms | performance metrics services | succession planning training | employee development programs | workforce planning consulting | employee retention services | organizational design software | employee experience platforms
Chief Human Resources Officer,employee benefits | talent acquisition | HR policies | staff development | performance metrics | compensation plans | benefits administration | recruitment strategies | employee engagement | workforce planning,HR software | recruitment tools | benefits administration | performance management | employee engagement | talent acquisition | HR consulting | staffing agencies | benefits providers | HR analytics
Chief Procurement Officer,procurement processes | supplier management | contract negotiation | sourcing strategies | cost reduction | supply chain risk | procurement analytics | category management | supplier performance | procurement policies,procurement software | supplier management | contract negotiation | sourcing platforms | procurement consulting | supply chain analytics | category management | supplier intelligence | procurement tools | contract management
Chief Scientific Officer,research initiatives | scientific strategy | innovation pipeline | product development | regulatory compliance | clinical trials | scientific operations | research funding | scientific talent | data analysis,research equipment | scientific software | clinical trials | regulatory consulting | research funding | scientific staffing | data analytics | clinical trials management | research infrastructure | scientific publishing
Chief Medical Officer,medical strategy | patient outcomes | clinical operations | medical research | regulatory compliance | medical education | patient safety | medical talent | clinical trials | medical policies,medical software | clinical trials | regulatory consulting | medical staffing | medical publishing | patient engagement | medical research | clinical analytics | medical education | patient safety
Chief Nursing Officer,nursing strategy | patient care | nursing operations | nursing talent | patient outcomes | nursing education | nursing research | clinical trials | patient safety | nursing policies,nursing software | nursing staffing | patient engagement | nursing research | nursing education | clinical trials management | nursing analytics | patient safety | nursing consulting | nursing infrastructure
Chief Risk Officer,risk assessment | compliance issues | regulatory oversight | security protocols | threat analysis | vulnerability management | audit reports | incident response | policy enforcement | emergency planning,cybersecurity software | risk management tools | compliance platforms | security equipment | incident response services | regulatory consulting | audit firm | cybersecurity training | risk assessment services | compliance software
Chief Accounting Officer,financial statements | accounting policies | budget management | auditing procedures | accounting standards | financial analysis | tax compliance | accounting software | financial reporting | internal controls,accounting software | financial planning tools | tax consulting services | auditing firm | financial analysis tools | accounting firm | tax preparation software | financial reporting services | internal audit services | accounting equipment
Chief Investment Officer,investment strategy | portfolio management | asset allocation | risk management | investment research | financial planning | investment analysis | market trends | investment decisions | return on investment,investment software | portfolio management tools | financial planning services | investment research firm | market data platforms | investment consulting | asset management firm | investment analysis tools | market research services | investment banking services
Chief Transformation Officer,business strategy | organizational change | process improvement | change management | leadership development | organizational design | business process | change implementation | organizational culture | performance metrics,change management software | organizational design tools | leadership development services | business process consulting | change implementation services | organizational culture firm | performance metrics software | business strategy consulting | organizational change management | process improvement tools
Chief Strategy Officer,business strategy | market analysis | competitive intelligence | market research | business planning | strategic planning | market trends | business development | market positioning | growth strategy,market research software | business strategy consulting | competitive intelligence firm | market analysis tools | business planning services | strategic planning firm | market trends platforms | business development services | market positioning firm | growth strategy consulting
Chief of Staff,executive support | office operations | staff management | day-to-day tasks | team coordination | project oversight | strategic planning | company policies | employee relations | internal communications,productivity software | project management tools | communication platforms | recruitment services | HR consulting | office equipment | meeting spaces | travel services | training programs | time tracking software
Vice President of Sales,sales strategy | revenue growth | sales team management | customer engagement | sales forecasting | pipeline management | sales performance | sales analytics | customer satisfaction | sales process,CRM software | sales enablement tools | marketing automation | sales training programs | customer relationship management | sales intelligence platforms | data analytics software | sales performance management | customer success platforms | sales productivity tools
Vice President of Enterprise Sales,enterprise sales strategy | large deal management | complex sales process | customer relationships | enterprise sales team | strategic account management | enterprise sales performance | customer engagement | enterprise sales analytics | strategic partnerships,enterprise CRM software | sales enablement platforms | marketing automation tools | sales intelligence software | customer success platforms | data analytics tools | sales performance management software | customer relationship management | sales productivity platforms | strategic account management tools
Vice President of Commercial Sales,commercial sales strategy | small to medium business sales | customer engagement | commercial sales team | sales performance | commercial sales analytics | customer satisfaction | commercial sales process | strategic partnerships | customer relationships,commercial CRM software | sales enablement tools | marketing automation platforms | sales intelligence software | customer success platforms | data analytics tools | sales performance management software | customer relationship management | sales productivity platforms | strategic account management tools
Vice President of Inside Sales,inside sales strategy | remote sales team management | customer engagement | inside sales performance | sales analytics | inside sales process | customer satisfaction | inside sales team | strategic partnerships | customer relationships,inside sales software | sales enablement platforms | marketing automation tools | sales intelligence software | customer success platforms | data analytics tools | sales performance management software | customer relationship management | sales productivity platforms | strategic account management tools
Vice President of Field Sales,field sales | sales strategy | territory management | sales teams | regional growth | customer engagement | sales performance | sales metrics | sales forecasting | account management,CRM software | sales analytics | field sales tools | travel expenses | event marketing | sales training | recruitment tools | sales enablement | data analytics | market research
Vice President of Global Sales,global sales | sales operations | sales planning | market analysis | sales forecasting | sales performance | customer satisfaction | sales metrics | sales enablement | cross-functional teams,sales software | market research | global marketing | event marketing | sales training | data analytics | sales enablement | recruitment tools | travel expenses | market intelligence
Vice President of North America Sales,north america sales | sales strategy | regional growth | sales teams | customer engagement | sales performance | sales metrics | sales forecasting | account management | sales enablement,sales analytics | CRM software | field sales tools | event marketing | sales training | recruitment tools | data analytics | market research | travel expenses | sales enablement
Vice President of EMEA Sales,emea sales | sales operations | sales planning | market analysis | sales forecasting | sales performance | customer satisfaction | sales metrics | sales enablement | cross-functional teams,sales software | market research | global marketing | event marketing | sales training | data analytics | recruitment tools | travel expenses | market intelligence | sales enablement
Vice President of APAC Sales,apac sales | sales strategy | regional growth | sales teams | customer engagement | sales performance | sales metrics | sales forecasting | account management | sales enablement,sales analytics | CRM software | field sales tools | event marketing | sales training | recruitment tools | data analytics | market research | travel expenses | sales enablement
Vice President of International Sales,global sales | international market | foreign customers | export strategy | cross border trade | foreign exchange | export regulations | global pricing | market entry | export logistics,CRM software | market research tools | export compliance | shipping platforms | global payment systems | export insurance | international freight | customs brokers | export documentation | trade finance
Vice President of Strategic Accounts,strategic partnerships | key customers | client relationships | account management | client satisfaction | customer retention | account growth | client acquisition | strategic planning | client development,client relationship management | strategic consulting | account planning tools | client feedback software | strategic account management | client satisfaction surveys | account growth analytics | client development programs | strategic partnership development | client retention strategies
Vice President of Key Accounts,key customers | client relationships | account management | client satisfaction | customer retention | account growth | client acquisition | strategic planning | client development | account expansion,CRM software | account planning tools | client feedback software | account growth analytics | client development programs | client retention strategies | key account management | client satisfaction surveys | strategic account development | client relationship management
Vice President of National Accounts,national customers | client relationships | account management | client satisfaction | customer retention | account growth | client acquisition | strategic planning | client development | account expansion,CRM software | account planning tools | client feedback software | account growth analytics | client development programs | client retention strategies | national account management | client satisfaction surveys | strategic account development | client relationship management
Vice President of Mid-Market Sales,mid market sales | small business sales | client relationships | account management | client satisfaction | customer retention | account growth | client acquisition | strategic planning | client development,CRM software | account planning tools | client feedback software | account growth analytics | client development programs | client retention strategies | mid market marketing | client relationship management | small business sales tools | account expansion software
Vice President of Small Business Sales,small business sales | sales strategy | customer acquisition | revenue growth | sales teams | target market | sales pipeline | customer retention | sales forecasting | business development,CRM software | sales enablement | marketing automation | cloud infrastructure | recruitment tools | sales analytics | customer success | sales training | sales intelligence | sales platform
Vice President of Channel Sales,channel sales | sales partnerships | revenue growth | sales teams | channel strategy | customer acquisition | sales pipeline | customer retention | sales forecasting | business development,channel management | sales enablement | marketing automation | cloud infrastructure | recruitment tools | sales analytics | customer success | sales training | sales intelligence | sales platform
Vice President of Partner Sales,partner sales | sales partnerships | revenue growth | sales teams | partner strategy | customer acquisition | sales pipeline | customer retention | sales forecasting | business development,partner management | sales enablement | marketing automation | cloud infrastructure | recruitment tools | sales analytics | customer success | sales training | sales intelligence | sales platform
Vice President of New Business,new business | sales strategy | customer acquisition | revenue growth | sales teams | target market | sales pipeline | customer retention | sales forecasting | business development,business development | sales enablement | marketing automation | cloud infrastructure | recruitment tools | sales analytics | customer success | sales training | sales intelligence | sales platform
Vice President of Revenue,revenue growth | sales strategy | customer acquisition | revenue teams | target market | sales pipeline | customer retention | sales forecasting | business development | financial planning,financial planning | sales enablement | marketing automation | cloud infrastructure | recruitment tools | sales analytics | customer success | sales training | sales intelligence | sales platform
Vice President of Revenue Operations,revenue growth | sales strategy | forecasting models | pipeline management | quota attainment | revenue forecasting | sales analytics | operational efficiency | revenue optimization | sales performance,CRM software | sales enablement tools | marketing automation | data analytics platform | customer segmentation | predictive modeling | sales intelligence platform | cloud infrastructure | cybersecurity services | IT consulting
Vice President of Go-to-Market,go-to-market strategy | product launch planning | market research | competitive analysis | market positioning | brand awareness | customer engagement | market entry planning | product development | market expansion,market research services | product development tools | branding agency | advertising platforms | content creation services | event management software | customer experience platform | digital marketing tools | PR services | event planning software
Vice President of Growth,growth strategy | customer acquisition | retention planning | customer lifetime value | growth hacking | user engagement | conversion optimization | growth metrics | customer satisfaction | growth analytics,growth marketing agency | customer success platform | user experience design | conversion rate optimization | A/B testing tools | customer feedback software | growth analytics platform | retention marketing services | customer journey mapping | personalization platform
Vice President of Business Development,business development strategy | partnership management | deal sourcing | business planning | market entry planning | strategic partnerships | business expansion | market analysis | business growth | partnership development,partnership development software | business intelligence platform | market research services | business development tools | partnership management services | strategic consulting | market entry consulting | business growth services | partnership marketing agency | business expansion software
Vice President of Sales Development,sales development strategy | lead generation | sales enablement | sales analytics | sales forecasting | sales performance | sales optimization | sales training | sales coaching | sales metrics,sales enablement platform | lead generation services | sales intelligence software | sales analytics tools | sales forecasting platform | sales performance management | sales optimization services | sales training software | sales coaching services | sales metrics platform
Vice President of Demand Generation,lead generation | customer acquisition | marketing strategy | demand planning | sales pipeline | customer engagement | lead nurturing | customer conversion | marketing automation | sales forecasting,marketing software | CRM platform | advertising tools | email marketing | lead scoring | data analytics | sales intelligence | content creation | SEO services | social media management
Vice President of Sales Engineering,technical support | sales enablement | product training | customer success | technical account management | sales strategy | product knowledge | technical sales | sales process | customer onboarding,product development | technical documentation | sales tools | training software | customer success platform | sales enablement platform | product information management | technical writing | sales analytics | customer data platform
Vice President of Alliances,partner management | channel development | partner engagement | strategic partnerships | partner success | channel sales | partner marketing | partner enablement | channel strategy | partner onboarding,partner management software | channel sales platform | partner marketing tools | partner enablement platform | channel development services | partner success platform | partner data management | channel analytics | partner relationship management | channel intelligence
Vice President of Partnerships,partnership development | strategic partnerships | partner engagement | partner success | partnership marketing | partnership enablement | partnership strategy | partner onboarding | partnership analytics | partnership intelligence,partnership management software | strategic partnership platform | partnership marketing tools | partnership enablement platform | partnership development services | partnership success platform | partnership data management | partnership analytics | partnership intelligence | partnership relationship management
Vice President of Channel,channel development | channel sales | channel marketing | channel enablement | channel strategy | channel success | channel onboarding | channel analytics | channel intelligence | channel management,channel sales platform | channel marketing tools | channel enablement platform | channel development services | channel success platform | channel data management | channel analytics | channel intelligence | channel relationship management | channel management software
Vice President of Marketing,marketing strategy | brand awareness | advertising campaigns | market research | customer engagement | product launches | market trends | competitive analysis | market share | target audience,advertising platforms | market research tools | SEO software | email marketing services | social media management | content creation tools | data analytics platforms | customer relationship management | market intelligence services | branding agencies
Vice President of Product Marketing,product launches | market positioning | product messaging | product roadmaps | customer feedback | product development | market analysis | product features | target audience | market trends,product development tools | product design software | product testing services | product launch planning | market research tools | product analytics platforms | customer feedback software | product management tools | product development services | market intelligence services
Vice President of Brand,brand identity | brand messaging | brand positioning | brand guidelines | brand consistency | brand awareness | brand reputation | brand strategy | target audience | market trends,branding agencies | branding software | brand management services | branding tools | market research tools | brand analytics platforms | branding services | brand development tools | branding consultants | branding platforms
Vice President of Digital Marketing,digital marketing strategy | online advertising | email marketing | social media marketing | search engine optimization | content marketing | digital analytics | customer engagement | target audience | market trends,digital marketing software | advertising platforms | email marketing services | social media management | content creation tools | data analytics platforms | customer relationship management | digital marketing services | SEO tools | online advertising platforms
Vice President of Performance Marketing,performance marketing strategy | return on investment | cost per acquisition | customer lifetime value | marketing attribution | performance metrics | target audience | market trends | customer engagement | advertising campaigns,performance marketing software | advertising platforms | marketing attribution tools | customer lifetime value analysis | performance metrics platforms | data analytics services | customer relationship management | performance marketing services | SEO tools | online advertising platforms
Vice President of Content,content strategy | editorial team | content calendar | content marketing | content creation | content distribution | content analytics | content planning | content management | content vision,content management software | SEO tools | social media platforms | content delivery networks | email marketing services | content analytics tools | content creation platforms | content optimization software | content moderation services | content translation services
Vice President of Marketing Operations,marketing operations | marketing automation | marketing analytics | marketing strategy | marketing planning | marketing execution | marketing metrics | marketing reporting | marketing budgeting | marketing forecasting,marketing automation software | marketing analytics platforms | marketing automation tools | marketing performance management | marketing budgeting software | marketing forecasting tools | marketing analytics tools | marketing automation platforms | marketing optimization software | marketing attribution software
Vice President of Acquisition,customer acquisition | sales strategy | sales planning | sales execution | sales metrics | sales reporting | sales forecasting | sales budgeting | sales optimization | sales growth,sales enablement software | sales analytics platforms | sales automation tools | sales performance management | sales forecasting software | sales optimization tools | sales analytics tools | sales automation platforms | sales intelligence services | sales training services
Vice President of Communications,corporate communications | internal communications | external communications | communications strategy | communications planning | communications execution | communications metrics | communications reporting | communications budgeting | communications vision,communications software | PR services | communications platforms | internal communications tools | external communications services | communications analytics tools | communications optimization software | communications moderation services | communications translation services | communications training services
Vice President of Product,product development | product strategy | product planning | product execution | product metrics | product reporting | product forecasting | product budgeting | product optimization | product growth,product development software | product design tools | product analytics platforms | product performance management | product forecasting software | product optimization tools | product analytics tools | product design platforms | product intelligence services | product training services
Vice President of Product Management,product roadmap | market analysis | customer feedback | product launch | feature development | product vision | market trends | product strategy | customer insights | product development,product design tools | market research software | customer survey platform | product launch services | UX design tools | product management platform | market intelligence software | product development tools | customer feedback software | product analytics platform
Vice President of Engineering,software development | engineering team | technical leadership | code quality | engineering process | technical strategy | engineering standards | software architecture | engineering innovation | technical expertise,software development tools | engineering collaboration platform | technical training services | code review software | engineering project management | software testing tools | engineering design software | technical documentation platform | engineering innovation tools | software quality assurance
Vice President of Technology,technology strategy | infrastructure management | cloud services | data security | technology innovation | infrastructure development | technology roadmap | data analytics | technology standards | infrastructure optimization,cloud infrastructure | data security software | infrastructure management platform | cloud services provider | data analytics tools | infrastructure development tools | cloud migration services | data backup software | infrastructure optimization tools | cloud security platform
Vice President of Platform,platform development | platform strategy | platform management | platform innovation | platform architecture | platform integration | platform security | platform scalability | platform reliability | platform performance,platform development tools | platform management software | platform integration services | platform security tools | platform scalability tools | platform reliability software | platform performance monitoring | platform architecture design | platform innovation platform | platform development services
Vice President of Infrastructure,infrastructure management | infrastructure development | infrastructure security | infrastructure optimization | infrastructure scalability | infrastructure reliability | infrastructure performance | infrastructure standards | infrastructure innovation | infrastructure strategy,infrastructure management software | infrastructure development tools | infrastructure security services | infrastructure optimization tools | infrastructure scalability platform | infrastructure reliability software | infrastructure performance monitoring | infrastructure standards platform | infrastructure innovation services | infrastructure development platform
Vice President of Architecture,system design | infrastructure planning | technical strategy | architecture review | system integration | technical leadership | solution development | technical oversight | system deployment | technical roadmap,software tools | cloud infrastructure | IT equipment | networking hardware | cybersecurity software | database management | API platforms | containerization tools | DevOps services | IT consulting
Vice President of Research and Development,product innovation | research initiatives | development process | innovation strategy | product roadmap | research oversight | development management | product launch | research and development | innovation management,research software | laboratory equipment | testing tools | prototyping services | product design | research platforms | development hardware | testing services | product development | innovation consulting
Vice President of Artificial Intelligence,AI strategy | machine learning | data analysis | AI development | AI deployment | AI oversight | AI management | AI innovation | AI research | AI integration,AI software | machine learning tools | data analytics platforms | AI consulting | AI research services | AI hardware | AI training data | AI development tools | AI infrastructure | AI research platforms
Vice President of Data,data strategy | data governance | data management | data oversight | data quality | data security | data architecture | data integration | data analytics | data reporting,data management software | data analytics platforms | data storage hardware | data security services | data integration tools | data governance platforms | data quality services | data architecture tools | data visualization software | data warehousing services
Vice President of Data Science,data analysis | data modeling | data visualization | data mining | data science | data insights | data strategy | data management | data quality | data reporting,data analytics software | data science platforms | data visualization tools | data mining services | data science consulting | data storage hardware | data integration tools | data governance platforms | data quality services | data warehousing services
Vice President of Analytics,business insights | data analysis | financial metrics | market trends | customer behavior | performance tracking | data visualization | statistical modeling | forecasting models | reporting dashboards,data analytics software | statistical modeling tools | business intelligence platform | data visualization tools | cloud storage services | machine learning frameworks | data warehousing solutions | big data platforms | data integration services | predictive analytics software
Vice President of Machine Learning,machine learning models | deep learning techniques | natural language processing | computer vision systems | predictive analytics | algorithm development | model deployment | data preprocessing | feature engineering | model evaluation,machine learning frameworks | deep learning libraries | natural language processing tools | computer vision software | predictive analytics platforms | algorithm optimization tools | model deployment services | data preprocessing tools | feature engineering software | cloud-based AI services
Vice President of Software Engineering,software development | quality assurance | release management | testing frameworks | code reviews | agile methodologies | scrum teams | project management | technical documentation | software maintenance,software development tools | quality assurance platforms | release management services | testing frameworks software | code review tools | agile project management software | scrum management platforms | project management tools | technical documentation software | software maintenance services
Vice President of Cloud,cloud infrastructure | cloud security | cloud migration | cloud deployment | cloud management | cloud scalability | cloud reliability | cloud cost optimization | cloud monitoring | cloud compliance,cloud infrastructure services | cloud security solutions | cloud migration tools | cloud deployment platforms | cloud management software | cloud scalability services | cloud reliability tools | cloud cost optimization services | cloud monitoring platforms | cloud compliance solutions
Vice President of Security,security protocols | risk management | incident response | security audits | compliance frameworks | access control | identity management | security monitoring | threat intelligence | security awareness,security protocols software | risk management tools | incident response services | security audits platforms | compliance frameworks solutions | access control systems | identity management software | security monitoring services | threat intelligence platforms | security awareness training
Vice President of Information Technology,IT infrastructure | network management | system integration | data analytics | cloud services | cybersecurity protocols | IT strategy | digital transformation | infrastructure development | technical support,cloud infrastructure | IT consulting | cybersecurity software | network equipment | data storage solutions | IT project management | cybersecurity training | IT service management | infrastructure as a service | network security tools
Vice President of Information Security,security protocols | data protection | cybersecurity measures | incident response | security audits | compliance management | risk assessment | security strategy | threat intelligence | security awareness,cybersecurity software | security consulting | incident response services | security training | compliance tools | risk management software | security equipment | threat intelligence platforms | security information systems | cybersecurity services
Vice President of Cybersecurity,cybersecurity measures | threat intelligence | incident response | security protocols | risk assessment | security strategy | compliance management | security audits | data protection | cybersecurity training,cybersecurity software | incident response services | security consulting | threat intelligence platforms | cybersecurity training | security equipment | compliance tools | risk management software | cybersecurity services | security information systems
Vice President of Digital Transformation,digital strategy | IT transformation | business innovation | process improvement | change management | digital enablement | IT integration | business process re-engineering | digital maturity | organizational change,digital transformation platforms | IT consulting | change management software | digital enablement tools | IT project management | digital strategy consulting | business process management | digital maturity assessment | IT service management | digital transformation services
Vice President of Enterprise Architecture,enterprise architecture | IT strategy | business alignment | solution architecture | system integration | data governance | IT infrastructure | business process re-engineering | organizational change | IT transformation,enterprise architecture software | IT consulting | solution architecture tools | system integration services | data governance platforms | IT infrastructure development | business process management | enterprise architecture consulting | IT service management | solution architecture training
Vice President of Innovation,innovation strategy | product development | market research | disruption models | growth hacking | new markets | business growth | digital transformation | innovation culture | futures thinking,design thinking tools | innovation software | market intelligence | business analytics | cloud infrastructure | cybersecurity services | project management | data visualization | agile development | collaboration platforms
Vice President of Operations,operational efficiency | process improvement | supply chain | logistics management | quality control | risk management | compliance oversight | regulatory affairs | business continuity | team management,ERP software | project management tools | supply chain management | quality control equipment | risk assessment services | regulatory consulting | business continuity planning | team collaboration | HR software | facilities management
Vice President of Business Operations,business operations | process optimization | financial planning | strategic planning | business growth | market analysis | competitive intelligence | business development | market research | financial reporting,business intelligence software | financial planning tools | market research services | competitive analysis | market intelligence platforms | financial modeling software | data analytics | business development tools | recruitment services | HR consulting
Vice President of Strategy,strategic planning | market analysis | competitive intelligence | business growth | market research | futures thinking | disruption models | innovation strategy | market trends | industry insights,market research services | competitive analysis | market intelligence platforms | business development tools | strategic planning software | market trends analysis | industry reports | disruption modeling tools | futures thinking software | innovation consulting
Vice President of Finance,financial planning | financial reporting | budgeting | forecasting | financial analysis | accounting | auditing | compliance oversight | risk management | financial modeling,financial planning software | accounting systems | auditing services | compliance consulting | risk assessment tools | financial modeling software | budgeting tools | forecasting services | financial analysis platforms | tax consulting
Vice President of Financial Planning and Analysis,financial planning | budget analysis | forecasting models | cash flow management | investment strategies | risk assessment | financial reporting | performance metrics | fiscal projections | business growth,financial software | data analytics tools | market research services | economic forecasting | risk management systems | cloud infrastructure | cybersecurity solutions | HR management tools | project management platforms | accounting systems
Vice President of Accounting,accounting standards | financial statements | auditing procedures | tax compliance | accounting software | financial regulations | accounting policies | internal controls | accounting procedures | financial reporting,accounting software | tax preparation services | financial consulting | auditing tools | regulatory compliance | financial training | accounting systems | HR management tools | project management platforms | cybersecurity solutions
Vice President of Treasury,cash management | treasury operations | foreign exchange | interest rates | treasury systems | liquidity management | funding strategies | treasury reporting | risk management | financial planning,treasury software | foreign exchange services | interest rate derivatives | liquidity management tools | risk management systems | cash management systems | treasury consulting | financial training | project management platforms | cybersecurity solutions
Vice President of Tax,tax planning | tax compliance | tax laws | tax regulations | tax consulting | tax strategy | tax reporting | tax planning software | tax regulations | tax compliance,tax preparation software | tax consulting services | tax research tools | tax planning software | tax compliance services | tax training | tax systems | HR management tools | project management platforms | cybersecurity solutions
Vice President of Risk,risk assessment | risk management | risk analysis | risk mitigation | risk reporting | risk strategy | risk planning | risk management systems | risk consulting | risk compliance,risk management software | risk consulting services | risk analysis tools | risk management systems | cybersecurity solutions | compliance software | risk training | HR management tools | project management platforms | data analytics tools
Vice President of Compliance,compliance policies | regulatory frameworks | risk assessments | audit procedures | policy updates | compliance training | regulatory reporting | compliance audits | regulatory changes | governance models,compliance software | regulatory databases | audit tools | policy management | training platforms | regulatory counsel | compliance consulting | risk management | audit services | policy templates
Vice President of Legal,legal contracts | contract reviews | litigation support | dispute resolution | legal research | contract negotiations | legal advice | contract drafting | litigation management | dispute resolution,legal counsel | contract management | litigation software | dispute resolution services | legal research tools | contract review tools | litigation support services | dispute resolution platforms | contract negotiation tools | legal document management
Vice President of Corporate Development,M&A strategies | business partnerships | strategic planning | growth initiatives | market analysis | business development | partnership agreements | strategic partnerships | growth strategies | market research,M&A software | partnership platforms | strategic planning tools | growth consulting | market research tools | business development services | partnership management | strategic partnerships | growth initiatives | market intelligence
Vice President of Investor Relations,investor communications | financial reporting | investor updates | capital markets | financial analysis | investor relations | capital raising | financial planning | investor engagement | capital allocation,IR software | financial reporting tools | investor relations services | capital markets platforms | financial analysis tools | investor communication tools | capital raising services | financial planning software | investor engagement platforms | capital allocation tools
Vice President of Procurement,procurement processes | supplier management | contract management | procurement strategies | supply chain | procurement planning | contract negotiations | supplier relationships | procurement optimization | supply chain management,procurement software | supplier management tools | contract management platforms | procurement consulting | supply chain management services | procurement optimization tools | supplier relationship management | procurement analytics | supply chain intelligence | contract negotiation tools
Vice President of Supply Chain,supply chain management | inventory control | warehousing operations | shipping logistics | supplier relationships | procurement processes | cost reduction strategies | supply chain optimization | demand forecasting | distribution networks,ERP software | transportation management systems | warehousing equipment | fleet management tools | supplier relationship platforms | procurement automation tools | cost analysis software | supply chain analytics | demand forecasting tools | logistics platforms
Vice President of Logistics,logistics operations | transportation management | warehousing efficiency | delivery schedules | fleet management | route optimization | inventory tracking | shipping costs | logistics networks | supply chain visibility,transportation management systems | warehousing equipment | fleet management tools | route optimization software | inventory tracking systems | shipping cost analysis tools | logistics platforms | transportation management software | warehousing automation systems | supply chain analytics
Vice President of Manufacturing,manufacturing processes | production planning | quality control | inventory management | supply chain optimization | production scheduling | manufacturing efficiency | quality assurance | production costs | manufacturing systems,ERP software | manufacturing execution systems | quality control equipment | inventory management systems | supply chain analytics | production planning software | manufacturing equipment | quality assurance tools | production cost analysis software | manufacturing automation systems
Vice President of Quality,quality assurance | quality control processes | regulatory compliance | product testing | quality metrics | defect reduction | quality training | quality systems | quality audits | quality certifications,quality control equipment | regulatory compliance software | product testing tools | quality metrics analysis software | defect reduction tools | quality training programs | quality management systems | quality audit software | quality certification services | quality management consulting
Vice President of Human Resources,HR operations | talent management | employee engagement | benefits administration | recruitment processes | performance management | compensation planning | HR systems | employee development | HR analytics,HR software | talent management platforms | employee engagement tools | benefits administration systems | recruitment tools | performance management software | compensation planning tools | HR analytics software | employee development programs | HR consulting services
Vice President of People,employee relations | HR policies | benefits administration | talent management | workplace culture | employee engagement | diversity initiatives | inclusion strategies | performance management | organizational development,HR software | recruitment tools | employee feedback | performance metrics | talent assessment | training programs | leadership development | coaching services | counseling services | benefits administration
Vice President of Talent Acquisition,candidate sourcing | recruitment strategies | job postings | candidate experience | hiring processes | talent pipelines | candidate relationships | hiring managers | talent attraction | candidate engagement,recruitment software | job boards | candidate sourcing | talent assessment | background checks | reference checks | recruitment agencies | job advertising | candidate relationship management | talent analytics
Vice President of Learning and Development,training programs | leadership development | skill development | knowledge sharing | performance improvement | coaching services | mentoring programs | career development | employee growth | organizational learning,learning management systems | training software | e-learning platforms | online courses | webinars | conferences | training materials | coaching services | mentoring programs | career development tools
Vice President of Real Estate,property management | lease administration | space planning | facilities management | real estate transactions | asset management | property valuation | lease negotiations | space allocation | real estate strategy,property management software | lease administration tools | facilities management systems | real estate analytics | property valuation services | lease negotiation services | space planning software | facilities management equipment | real estate consulting | property valuation tools
Vice President of Facilities,space management | facilities operations | maintenance management | energy efficiency | sustainability initiatives | space planning | facilities maintenance | capital projects | space allocation | facilities strategy,facilities management software | space planning tools | maintenance management systems | energy efficiency equipment | sustainability consulting | facilities maintenance services | capital project management | space allocation software | facilities management equipment | energy management systems
Vice President of Government Affairs,government relations | policy analysis | regulatory compliance | lobbying efforts | legislative affairs | public policy | government contracts | federal regulations | state laws | local ordinances,lobbying services | government relations software | policy analysis tools | regulatory compliance platforms | lobbying databases | government contract management | public policy research | legislative tracking software | federal regulatory services | state law firms
Vice President of Public Affairs,public image | reputation management | community outreach | media relations | crisis communications | public perception | stakeholder engagement | issue management | brand reputation | social responsibility,reputation management software | public relations services | community outreach programs | media monitoring tools | crisis communications planning | public perception research | stakeholder engagement platforms | issue management consulting | brand reputation firms | social responsibility initiatives
Vice President of Corporate Affairs,corporate social responsibility | stakeholder engagement | reputation management | brand reputation | public image | community outreach | media relations | crisis communications | issue management | social responsibility,corporate social responsibility initiatives | stakeholder engagement software | reputation management platforms | brand reputation firms | public relations services | community outreach programs | media monitoring tools | crisis communications planning | issue management consulting | social responsibility services
Vice President of Professional Services,consulting services | professional development | industry expertise | client relationships | project management | service delivery | quality assurance | client satisfaction | service excellence | professional standards,consulting software | professional development platforms | industry research services | client relationship management | project management tools | service delivery platforms | quality assurance services | client satisfaction surveys | service excellence initiatives | professional standards firms
Vice President of Consulting,consulting services | industry expertise | client relationships | project management | service delivery | quality assurance | client satisfaction | service excellence | professional standards | business strategy,consulting software | industry research services | client relationship management | project management tools | service delivery platforms | quality assurance services | client satisfaction surveys | service excellence initiatives | professional standards firms | business strategy consulting
Vice President of Delivery,project timelines | delivery schedules | project milestones | release cycles | deployment plans | project budgets | resource allocation | project status | delivery teams | project outcomes,project management software | collaboration tools | cloud infrastructure | recruitment tools | training programs | performance metrics | quality assurance | customer support | IT services | cybersecurity solutions
Vice President of Implementation,implementation strategies | change management | stakeholder engagement | project roadmaps | implementation timelines | resource planning | project governance | implementation teams | project monitoring | implementation outcomes,change management software | project management platforms | training programs | collaboration tools | cybersecurity solutions | IT services | quality assurance | customer support | recruitment tools | data analytics
Vice President of Customer Success,customer satisfaction | customer retention | customer engagement | customer experience | customer feedback | customer insights | customer support | customer success teams | customer onboarding | customer health scores,customer relationship management | customer success software | training programs | customer support tools | data analytics | IT services | cybersecurity solutions | recruitment tools | performance metrics | quality assurance
Vice President of Strategic Initiatives,strategic planning | initiative management | stakeholder engagement | initiative roadmaps | initiative timelines | resource allocation | initiative governance | initiative teams | initiative monitoring | initiative outcomes,strategic planning software | project management platforms | training programs | collaboration tools | cybersecurity solutions | IT services | quality assurance | customer support | recruitment tools | data analytics
Vice President of Sales Enablement,sales strategies | sales enablement | sales training | sales support | sales teams | sales performance | sales metrics | sales tools | sales processes | sales outcomes,sales enablement software | sales training programs | sales support tools | data analytics | IT services | cybersecurity solutions | recruitment tools | performance metrics | quality assurance | customer support
Vice President of Revenue Enablement,revenue growth | sales strategy | customer success | sales process | sales enablement | sales training | sales tools | sales metrics | sales performance | sales coaching,sales software | CRM platform | sales analytics | sales intelligence | sales enablement tools | sales training programs | sales performance metrics | sales coaching services | sales productivity tools | sales forecasting software
Head of Sales,sales leadership | sales management | sales performance | sales strategy | sales team | sales growth | sales metrics | sales forecasting | sales coaching | sales enablement,sales software | CRM platform | sales analytics | sales intelligence | sales enablement tools | sales training programs | sales performance metrics | sales coaching services | sales productivity tools | sales forecasting software
Head of Enterprise Sales,enterprise sales | large deals | complex sales | strategic sales | sales strategy | sales leadership | sales performance | sales metrics | sales forecasting | sales enablement,enterprise software | CRM platform | sales analytics | sales intelligence | sales enablement tools | sales training programs | sales performance metrics | sales coaching services | sales productivity tools | sales forecasting software
Head of Commercial Sales,commercial sales | business sales | sales strategy | sales leadership | sales performance | sales metrics | sales forecasting | sales coaching | sales enablement | sales growth,sales software | CRM platform | sales analytics | sales intelligence | sales enablement tools | sales training programs | sales performance metrics | sales coaching services | sales productivity tools | sales forecasting software
Head of Inside Sales,inside sales | remote sales | sales strategy | sales leadership | sales performance | sales metrics | sales forecasting | sales coaching | sales enablement | sales growth,sales software | CRM platform | sales analytics | sales intelligence | sales enablement tools | sales training programs | sales performance metrics | sales coaching services | sales productivity tools | sales forecasting software
Head of Field Sales,field sales teams | sales strategies | regional markets | customer relationships | sales performance metrics | territory management | sales forecasting | sales enablement | sales training programs | sales pipeline growth,CRM software | sales analytics tools | field sales automation | mobile devices | cloud infrastructure | recruitment tools | sales training platforms | customer relationship management | sales intelligence software | data analytics services
Head of Global Sales,global sales strategies | international markets | cross-cultural sales | global customer relationships | sales performance metrics | global sales forecasting | global sales enablement | global sales training programs | global sales pipeline growth | global sales operations,global CRM software | international sales analytics tools | global sales automation | mobile devices | cloud infrastructure | global recruitment tools | sales training platforms | customer relationship management | sales intelligence software | data analytics services
Head of Mid-Market Sales,mid-market sales strategies | mid-sized customer relationships | mid-market sales performance metrics | mid-market sales forecasting | mid-market sales enablement | mid-market sales training programs | mid-market sales pipeline growth | mid-market sales operations | mid-market sales teams | mid-market sales analytics,mid-market CRM software | mid-market sales analytics tools | mid-market sales automation | mobile devices | cloud infrastructure | mid-market recruitment tools | sales training platforms | customer relationship management | sales intelligence software | data analytics services
Head of Small Business Sales,small business sales strategies | small customer relationships | small business sales performance metrics | small business sales forecasting | small business sales enablement | small business sales training programs | small business sales pipeline growth | small business sales operations | small business sales teams | small business sales analytics,small business CRM software | small business sales analytics tools | small business sales automation | mobile devices | cloud infrastructure | small business recruitment tools | sales training platforms | customer relationship management | sales intelligence software | data analytics services
Head of Strategic Sales,strategic sales strategies | strategic customer relationships | strategic sales performance metrics | strategic sales forecasting | strategic sales enablement | strategic sales training programs | strategic sales pipeline growth | strategic sales operations | strategic sales teams | strategic sales analytics,strategic CRM software | strategic sales analytics tools | strategic sales automation | mobile devices | cloud infrastructure | strategic recruitment tools | sales training platforms | customer relationship management | sales intelligence software | data analytics services
Head of Sales Development,sales strategy | customer outreach | lead generation | pipeline growth | sales process | account management | sales forecasting | sales performance | sales analytics | customer engagement,CRM software | sales automation | marketing tools | lead scoring | sales enablement | customer data | sales intelligence | sales training | sales analytics | customer relationship
Head of Demand Generation,demand creation | lead generation | marketing strategy | brand awareness | customer engagement | content marketing | influencer marketing | event marketing | paid advertising | marketing metrics,marketing automation | demand generation software | content creation | paid advertising | influencer marketing | event management | marketing analytics | branding services | content distribution | marketing platform
Head of Partnerships,partnership development | business growth | strategic partnerships | partner management | business strategy | partner engagement | business development | partner relationships | business metrics | growth strategy,partnership software | business development tools | partner management | strategic partnerships | business intelligence | partner analytics | business growth | partner engagement | business platform | growth hacking
Head of Alliances,alliance development | business growth | strategic partnerships | partner management | business strategy | partner engagement | business development | partner relationships | business metrics | growth strategy,partnership software | business development tools | partner management | strategic partnerships | business intelligence | partner analytics | business growth | partner engagement | business platform | growth hacking
Head of Channel,channel development | business growth | strategic partnerships | partner management | business strategy | partner engagement | business development | partner relationships | business metrics | growth strategy,partnership software | business development tools | partner management | strategic partnerships | business intelligence | partner analytics | business growth | partner engagement | business platform | growth hacking
Head of Marketing,marketing strategy | brand awareness | advertising campaigns | market research | customer engagement | product launches | market trends | competitive analysis | target audience | market positioning,advertising platforms | social media tools | market research software | email marketing services | content creation tools | SEO optimization | paid advertising | influencer marketing | event planning services | PR firm
Head of Product Marketing,product launches | market positioning | target audience | competitive analysis | market research | customer engagement | brand awareness | advertising campaigns | product development | market trends,product information management | product data analytics | product launch planning | product marketing automation | product content creation | product SEO optimization | product advertising platforms | product influencer marketing | product event planning | product PR firm
Head of Brand,brand awareness | brand identity | brand strategy | brand positioning | brand messaging | brand guidelines | brand consistency | brand reputation | brand loyalty | brand equity,branding agencies | branding software | branding services | branding consultants | branding tools | branding platforms | branding research | branding analytics | branding metrics | branding benchmarking
Head of Digital Marketing,digital marketing strategy | digital advertising | digital customer engagement | digital market research | digital competitive analysis | digital market trends | digital target audience | digital market positioning | digital brand awareness | digital product launches,digital marketing automation | digital marketing analytics | digital marketing metrics | digital marketing software | digital marketing services | digital marketing tools | digital marketing platforms | digital marketing research | digital marketing benchmarking | digital marketing consulting
Head of Performance Marketing,performance marketing metrics | performance marketing analytics | performance marketing optimization | performance marketing strategy | performance marketing ROI | performance marketing attribution | performance marketing reporting | performance marketing analysis | performance marketing insights | performance marketing recommendations,performance marketing software | performance marketing tools | performance marketing platforms | performance marketing services | performance marketing consulting | performance marketing research | performance marketing benchmarking | performance marketing metrics | performance marketing analytics | performance marketing automation
Head of Content,content strategy | editorial calendar | content team | content marketing | content creation | content distribution | content analytics | content planning | content management | content calendar,content management software | SEO tools | social media management | email marketing platform | content creation tools | video editing software | audio editing software | blogging platform | content delivery network | translation services
Head of Marketing Operations,marketing operations | data analysis | marketing automation | lead generation | customer journey | marketing metrics | marketing reporting | marketing budget | marketing strategy | marketing execution,marketing automation software | CRM software | data analytics platform | lead generation tools | marketing attribution software | customer data platform | marketing analytics tool | marketing budgeting software | marketing performance management | customer journey mapping
Head of Communications,corporate communications | internal communications | external communications | media relations | crisis communications | communications strategy | communications planning | communications team | communications metrics | communications reporting,PR software | media monitoring tool | crisis communications platform | communications agency | media relations services | communications training | communications consulting | media outreach software | communications analytics tool | reputation management services
Head of Product,product development | product launch | product roadmap | product management | product strategy | product planning | product team | product metrics | product execution | product delivery,product design software | product development tools | product launch platform | product management software | product analytics tool | product roadmap software | product development agency | product design services | product testing equipment | product certification services
Head of Product Management,product management | product development | product launch | product roadmap | product strategy | product planning | product team | product metrics | product execution | product delivery,product management software | product development tools | product launch platform | product management agency | product analytics tool | product roadmap software | product design services | product testing equipment | product certification services | product data platform
Head of Engineering,software development | engineering teams | product releases | code quality | testing protocols | release schedules | engineering processes | technical roadmaps | engineering standards | devops practices,development tools | version control | continuous integration | testing frameworks | agile methodologies | project management | engineering software | collaboration platforms | cloud infrastructure | cybersecurity services
Head of Technology,technology strategy | innovation initiatives | digital transformation | technology roadmaps | change management | technology adoption | digital products | technology standards | technical governance | innovation culture,cloud platforms | artificial intelligence | machine learning | cybersecurity solutions | data analytics | internet of things | blockchain technology | digital marketing | customer experience | data management
Head of Platform,platform development | product platforms | platform operations | platform security | platform scalability | platform performance | platform maintenance | platform upgrades | platform integration | platform support,platform as a service | integration software | api management | data integration | business intelligence | data warehousing | cloud storage | content management | customer relationship management | project management
Head of Infrastructure,infrastructure management | data center operations | network infrastructure | storage solutions | compute resources | infrastructure security | infrastructure scalability | infrastructure performance | infrastructure maintenance | infrastructure upgrades,cloud infrastructure | data storage | network equipment | compute hardware | storage systems | backup solutions | disaster recovery | network security | infrastructure software | data analytics
Head of Architecture,technical architecture | system design | solution architecture | technical standards | architecture governance | technical debt | system integration | architecture documentation | technical roadmap | solution design,architecture software | system modeling | solution frameworks | technical consulting | architecture services | system integration | solution development | architecture tools | technical training | solution implementation
Head of Artificial Intelligence,AI strategy | machine learning | data models | algorithm development | intelligence systems | predictive analytics | model deployment | data integration | intelligence insights | AI solutions,AI software | machine learning tools | data platforms | cloud infrastructure | data storage | AI hardware | data analytics | intelligence services | AI consulting | data science tools
Head of Data,data management | data governance | data quality | data security | data architecture | data standards | data compliance | data integration | data warehousing | data analytics,data storage | data platforms | data analytics | data science tools | data management software | data security services | data integration tools | data warehousing solutions | data governance frameworks | data compliance software
Head of Data Science,data insights | data analysis | data modeling | data visualization | data interpretation | data storytelling | data strategy | data innovation | data experimentation | data discovery,data science tools | data analytics software | data visualization platforms | data management software | data science platforms | data integration tools | data warehousing solutions | data governance frameworks | data compliance software | data science consulting
Head of Analytics,business insights | data analysis | performance metrics | key performance indicators | data visualization | business intelligence | data interpretation | data storytelling | data strategy | data innovation,business intelligence software | data analytics tools | data visualization platforms | data management software | data science platforms | data integration tools | data warehousing solutions | data governance frameworks | data compliance software | data science consulting
Head of Machine Learning,machine learning | algorithm development | model deployment | data integration | intelligence systems | predictive analytics | model training | data validation | intelligence insights | AI solutions,machine learning tools | AI software | data platforms | cloud infrastructure | data storage | AI hardware | data analytics services | intelligence services | AI consulting | data science tools
Head of Cloud,cloud infrastructure | cloud migration | cloud security | cloud services | cloud storage | cloud computing | cloud architecture | cloud deployment | cloud management | cloud scalability,cloud infrastructure | AWS services | Azure platform | Google Cloud | cloud storage | cloud security | cloud analytics | cloud monitoring | cloud automation | cloud orchestration
Head of Security,security protocols | security policies | security audits | security testing | security compliance | security risk | security threats | security incidents | security management | security governance,security software | cybersecurity services | security consulting | security training | security equipment | security tools | security platforms | security solutions | security analytics | security intelligence
Head of Information Technology,IT infrastructure | IT services | IT support | IT management | IT security | IT compliance | IT risk | IT incidents | IT governance | IT strategy,IT software | IT hardware | IT services | IT consulting | IT training | IT equipment | IT tools | IT platforms | IT solutions | IT analytics
Head of Information Security,information security | security protocols | security policies | security audits | security testing | security compliance | security risk | security threats | security incidents | security management,security software | cybersecurity services | security consulting | security training | security equipment | security tools | security platforms | security solutions | security analytics | security intelligence
Head of Cybersecurity,cybersecurity protocols | cybersecurity policies | cybersecurity audits | cybersecurity testing | cybersecurity compliance | cybersecurity risk | cybersecurity threats | cybersecurity incidents | cybersecurity management | cybersecurity governance,cybersecurity software | cybersecurity services | cybersecurity consulting | cybersecurity training | cybersecurity equipment | cybersecurity tools | cybersecurity platforms | cybersecurity solutions | cybersecurity analytics | cybersecurity intelligence
Head of Digital Transformation,digital strategy | transformation roadmap | change management | technology adoption | process optimization | system integration | data analytics | infrastructure upgrade | cybersecurity measures | user experience,cloud infrastructure | cybersecurity software | data analytics tools | digital marketing platforms | IT consulting services | project management software | cloud storage solutions | network security equipment | artificial intelligence platforms | mobile app development
Head of Innovation,innovation pipeline | product development | idea generation | research and development | prototype testing | market analysis | competitive intelligence | trend forecasting | disruption strategy | creativity workshops,design thinking software | product design tools | innovation management platforms | research services | prototyping equipment | market research reports | industry trends analysis | disruption consulting services | idea management software | creative collaboration tools
Head of Operations,operational efficiency | process improvement | supply chain management | logistics optimization | quality control measures | risk management | compliance monitoring | regulatory affairs | business continuity planning | emergency response planning,supply chain management software | logistics platforms | quality control equipment | risk management services | compliance consulting services | regulatory affairs software | business continuity planning tools | emergency response equipment | incident management software | crisis communication services
Head of Business Operations,business process optimization | operational strategy | financial planning | human resources management | talent development | performance metrics | budgeting and forecasting | financial reporting | compliance monitoring | risk assessment,business intelligence software | financial planning tools | HR management platforms | talent acquisition services | performance management software | budgeting and forecasting tools | financial reporting software | compliance management services | risk assessment tools | employee engagement platforms
Head of Strategy,strategic planning | market analysis | competitive intelligence | trend forecasting | disruption strategy | growth planning | market research | industry trends analysis | competitive landscape | business model innovation,market research reports | industry trends analysis | disruption consulting services | growth strategy software | competitive intelligence platforms | trend forecasting tools | market analysis software | business model innovation tools | strategic planning services | innovation management platforms
Head of Finance,financial planning | budget management | cash flow | investment analysis | financial reporting | accounting standards | tax compliance | auditing procedures | financial forecasting | asset management,financial software | accounting systems | tax consulting | auditing services | financial modeling | market research | economic analysis | financial data | investment tools | risk management
Head of Accounting,accounting standards | financial reporting | budget management | auditing procedures | tax compliance | accounting systems | financial data | asset management | financial analysis | internal controls,accounting software | tax consulting | auditing services | financial modeling | market research | economic analysis | financial data | accounting tools | risk management | compliance software
Head of Treasury,cash management | investment analysis | financial forecasting | asset management | financial reporting | treasury systems | foreign exchange | interest rates | financial data | risk management,treasury software | foreign exchange services | interest rate tools | financial modeling | market research | economic analysis | financial data | treasury systems | risk management | compliance software
Head of Risk,risk assessment | risk management | compliance reporting | regulatory analysis | financial forecasting | asset management | financial data | internal controls | audit procedures | compliance monitoring,risk management software | compliance consulting | regulatory services | financial modeling | market research | economic analysis | financial data | risk tools | compliance software | audit services
Head of Compliance,compliance reporting | regulatory analysis | compliance monitoring | audit procedures | risk assessment | financial data | internal controls | compliance standards | regulatory affairs | compliance training,compliance software | regulatory consulting | audit services | financial modeling | market research | economic analysis | financial data | compliance tools | risk management | regulatory services
Head of Legal,contract review | litigation management | regulatory compliance | dispute resolution | legal advice | policy development | risk assessment | compliance oversight | contract negotiation | governance guidance,legal counsel | litigation software | compliance tools | contract management | regulatory reporting | dispute resolution | risk assessment | compliance audit | policy management | governance framework
Head of Procurement,supplier management | procurement strategy | sourcing optimization | contract administration | procurement process | supplier engagement | cost reduction | procurement planning | supply chain management | category management,procurement software | supplier intelligence | sourcing platform | contract management | procurement tools | supplier relationship | cost analysis | procurement analytics | supply chain optimization | category spend management
Head of Supply Chain,supply chain management | logistics optimization | inventory control | warehousing management | transportation planning | supply chain visibility | demand forecasting | supply chain risk | inventory optimization | warehousing efficiency,supply chain software | logistics platform | warehousing equipment | transportation management | inventory management | warehousing solutions | supply chain analytics | demand planning | supply chain visibility | transportation optimization
Head of Logistics,logistics management | transportation planning | warehousing management | inventory control | delivery optimization | logistics visibility | transportation management | warehousing efficiency | inventory optimization | delivery scheduling,logistics software | transportation management | warehousing equipment | transportation optimization | inventory management | warehousing solutions | logistics analytics | transportation planning | warehousing optimization | delivery management
Head of Manufacturing,manufacturing operations | production planning | quality control | supply chain management | inventory control | manufacturing efficiency | production optimization | quality assurance | supply chain visibility | manufacturing analytics,manufacturing software | production planning | quality control tools | supply chain optimization | inventory management | manufacturing equipment | production analytics | quality management | supply chain visibility | manufacturing optimization
Head of Quality,quality control | product testing | defect analysis | process improvement | compliance checks | regulatory audits | risk assessment | quality metrics | testing protocols | certification standards,quality management software | testing equipment | certification services | audit tools | risk assessment platforms | compliance platforms | quality training | testing tools | certification programs | audit software
Head of People,employee engagement | talent management | performance reviews | compensation packages | benefits administration | HR policies | employee relations | workplace culture | diversity initiatives | employee development,HR software | talent management platforms | benefits administration services | compensation consulting | HR consulting | diversity training | employee engagement tools | HR analytics | benefits administration software | talent acquisition tools
Head of Human Resources,HR policies | employee relations | benefits administration | compensation packages | performance reviews | talent management | employee engagement | workplace culture | diversity initiatives | employee development,HR software | talent management platforms | benefits administration services | compensation consulting | HR consulting | diversity training | employee engagement tools | HR analytics | benefits administration software | recruitment tools
Head of Talent Acquisition,talent sourcing | candidate experience | hiring processes | recruitment strategies | candidate engagement | job postings | candidate screening | interview protocols | hiring metrics | candidate feedback,recruitment software | talent acquisition platforms | job posting services | candidate screening tools | interview protocols software | candidate experience tools | recruitment analytics | hiring metrics software | candidate feedback tools | talent sourcing platforms
Head of Learning and Development,training programs | skill development | employee growth | knowledge sharing | performance support | learning strategies | training protocols | skill assessment | learning metrics | development plans,learning management systems | training software | skill development platforms | knowledge sharing tools | performance support services | training analytics | learning metrics software | development plans software | training equipment | skill assessment tools
Head of Real Estate,property management | estate valuation | land acquisition | lease negotiation | real estate market | asset portfolio | investment strategy | market analysis | property development | valuation reports,property software | market research | real estate data | leasing services | valuation tools | property management | market intelligence | real estate analytics | leasing platforms | valuation services
Head of Facilities,space management | facility maintenance | asset management | infrastructure planning | energy efficiency | space allocation | facility operations | sustainability initiatives | infrastructure development | asset optimization,facilities management | space planning software | energy monitoring | infrastructure equipment | sustainability services | space management tools | energy efficiency solutions | infrastructure consulting | asset tracking systems | sustainability platforms
Head of Government Affairs,regulatory compliance | government relations | policy analysis | lobbying efforts | government contracts | public policy | regulatory affairs | government outreach | policy development | regulatory strategy,lobbying services | government relations software | regulatory consulting | policy analysis tools | government affairs | lobbying platforms | regulatory data | government intelligence | policy monitoring services | regulatory analytics
Head of Professional Services,consulting services | professional development | client relationships | service delivery | professional standards | client satisfaction | service quality | professional training | client engagement | service excellence,consulting software | professional development tools | client relationship management | service delivery platforms | professional standards services | client satisfaction surveys | service quality metrics | professional training programs | client engagement strategies | service excellence frameworks
Head of Delivery,project delivery | service delivery | project management | delivery strategy | project planning | delivery operations | project execution | delivery excellence | project monitoring | delivery metrics,project management software | delivery platforms | project planning tools | delivery services | project monitoring systems | delivery analytics | project tracking solutions | delivery intelligence | project management consulting | delivery optimization
Head of Implementation,project plans | implementation teams | deployment schedules | system integrations | technical support | change management | user adoption | process improvements | system upgrades | quality assurance,project management software | IT infrastructure | cloud services | network equipment | cybersecurity tools | collaboration platforms | data analytics | customer relationship management | help desk software | system monitoring
Head of Sales Enablement,sales strategies | customer engagement | sales training | product knowledge | sales materials | sales processes | sales metrics | sales forecasting | sales coaching | sales enablement,sales enablement software | marketing automation | customer relationship management | data analytics | content management | email marketing | social media management | lead generation tools | sales intelligence | customer insights
Head of Revenue Enablement,revenue growth | business development | market research | competitive analysis | revenue streams | pricing strategies | revenue forecasting | revenue modeling | revenue optimization | revenue enablement,business intelligence software | market research tools | competitive intelligence | pricing optimization | revenue management | sales forecasting | customer segmentation | market analysis | business analytics | financial planning
Head of Research and Development,research projects | product development | innovation teams | prototype testing | product launches | research findings | product roadmaps | research strategies | product development | innovation management,research software | product design tools | prototyping equipment | testing services | product development | research platforms | innovation labs | design thinking | product testing | research analytics
Director of Sales,sales teams | sales performance | sales targets | sales metrics | sales forecasting | sales coaching | sales training | sales strategies | sales enablement | sales growth,sales enablement software | customer relationship management | sales intelligence | data analytics | sales automation | marketing automation | lead generation tools | sales performance management | sales forecasting | customer insights
Senior Director of Sales,sales strategy | customer acquisition | revenue growth | sales forecasting | pipeline management | sales performance | territory planning | quota achievement | sales enablement | account management,CRM software | sales analytics | field sales tools | recruitment agency | sales training | travel expenses | event marketing | sales automation | customer database | lead generation
Director of Enterprise Sales,enterprise sales | strategic accounts | complex sales | large deal management | customer engagement | sales enablement | account planning | sales performance | quota achievement | relationship building,enterprise software | sales intelligence | account management | sales training | travel expenses | event marketing | sales automation | customer database | lead generation | sales analytics
Director of Commercial Sales,commercial sales | customer acquisition | revenue growth | sales forecasting | pipeline management | sales performance | territory planning | quota achievement | sales enablement | account management,sales software | commercial tools | recruitment agency | sales training | travel expenses | event marketing | sales automation | customer database | lead generation | sales analytics
Director of Inside Sales,inside sales | customer engagement | sales performance | pipeline management | sales forecasting | territory planning | quota achievement | sales enablement | account management | lead generation,inside sales tools | sales intelligence | account management | sales training | travel expenses | event marketing | sales automation | customer database | lead generation | sales analytics
Director of Field Sales,field sales | customer acquisition | revenue growth | sales forecasting | pipeline management | sales performance | territory planning | quota achievement | sales enablement | account management,field sales tools | sales software | recruitment agency | sales training | travel expenses | event marketing | sales automation | customer database | lead generation | sales analytics
Director of Global Sales,global sales strategy | sales operations | international markets | customer relationships | sales performance metrics | regional sales teams | sales forecasting | market analysis | sales enablement | cross-border sales,CRM software | sales analytics tools | cloud infrastructure | recruitment tools | sales training programs | market research services | legal counsel | travel expenses | event marketing | digital marketing platforms
Director of Strategic Sales,strategic sales planning | sales growth initiatives | market segmentation | customer acquisition | sales performance optimization | sales process improvement | sales forecasting models | market analysis reports | sales enablement programs | competitive intelligence,sales intelligence software | market research platforms | sales training programs | digital marketing tools | event marketing services | legal counsel | market data subscriptions | sales analytics tools | recruitment agencies | cloud infrastructure
Director of Mid-Market Sales,mid-market sales strategy | sales operations planning | customer relationships management | sales performance metrics | regional sales teams management | sales forecasting models | market analysis reports | sales enablement programs | sales process improvement | customer acquisition,CRM software | sales analytics tools | cloud infrastructure | recruitment tools | sales training programs | market research services | legal counsel | travel expenses | event marketing | digital marketing platforms
Director of Small Business Sales,small business sales strategy | sales operations planning | customer relationships management | sales performance metrics | regional sales teams management | sales forecasting models | market analysis reports | sales enablement programs | sales process improvement | customer acquisition,sales intelligence software | market research platforms | sales training programs | digital marketing tools | event marketing services | legal counsel | market data subscriptions | sales analytics tools | recruitment agencies | cloud infrastructure
Director of Channel Sales,channel sales strategy | sales operations planning | partner relationships management | sales performance metrics | channel sales teams management | sales forecasting models | market analysis reports | sales enablement programs | sales process improvement | partner acquisition,partner relationship management software | sales analytics tools | cloud infrastructure | recruitment tools | sales training programs | market research services | legal counsel | travel expenses | event marketing | digital marketing platforms
Director of Partner Sales,partner relationships | sales strategy | account management | client engagement | sales growth | partner development | sales performance | partner onboarding | sales enablement | partner success,CRM software | sales training | travel expenses | sales analytics | partner portal | sales automation | sales intelligence | sales tools | partner management | sales platform
Director of Key Accounts,key account management | client satisfaction | account growth | sales strategy | account development | client engagement | sales performance | account management | sales enablement | key account success,sales analytics | CRM software | sales training | travel expenses | sales automation | sales intelligence | sales tools | account management | sales platform | sales enablement
Director of National Accounts,national account management | client satisfaction | account growth | sales strategy | account development | client engagement | sales performance | account management | sales enablement | national account success,sales analytics | CRM software | sales training | travel expenses | sales automation | sales intelligence | sales tools | account management | sales platform | national sales
Director of New Business,new business development | sales strategy | account management | client engagement | sales growth | new business growth | sales performance | new business onboarding | sales enablement | new business success,sales analytics | CRM software | sales training | travel expenses | sales automation | sales intelligence | sales tools | new business platform | new business management | sales enablement
Regional Sales Director,regional sales strategy | sales performance | account management | client engagement | sales growth | regional sales growth | sales enablement | regional sales onboarding | sales management | regional sales success,sales analytics | CRM software | sales training | travel expenses | sales automation | sales intelligence | sales tools | regional sales platform | regional sales management | sales enablement
Area Sales Director,sales strategy | regional growth | sales team | territory expansion | customer engagement | sales performance | market analysis | sales forecasting | sales pipeline | account management,CRM software | sales training | travel expenses | market research | sales tools | recruitment agency | sales equipment | data analytics | sales platform | customer service
Divisional Sales Director,sales operations | divisional growth | sales process | team management | sales targets | customer satisfaction | sales metrics | sales reporting | sales forecasting | sales analysis,sales software | divisional budget | sales training | market research | sales tools | recruitment agency | sales equipment | data analytics | sales platform | customer service
Country Sales Director,country growth | sales strategy | sales team | territory expansion | customer engagement | sales performance | market analysis | sales forecasting | sales pipeline | account management,CRM software | sales training | travel expenses | market research | sales tools | recruitment agency | sales equipment | data analytics | sales platform | customer service
District Sales Director,district growth | sales process | team management | sales targets | customer satisfaction | sales metrics | sales reporting | sales forecasting | sales analysis | sales optimization,sales software | district budget | sales training | market research | sales tools | recruitment agency | sales equipment | data analytics | sales platform | customer service
Director of Revenue,revenue growth | sales strategy | financial planning | revenue forecasting | sales performance | market analysis | sales pipeline | account management | sales optimization | revenue reporting,CRM software | sales training | market research | sales tools | recruitment agency | sales equipment | data analytics | sales platform | customer service | financial planning
Director of Revenue Operations,revenue growth | sales strategy | customer acquisition | market analysis | sales pipeline | revenue forecasting | sales performance | customer retention | sales optimization | revenue management,CRM software | sales automation | marketing platforms | data analytics | customer service tools | sales intelligence | market research | sales enablement | customer success | sales training
Director of Go-to-Market,market strategy | customer engagement | product launch | market analysis | customer acquisition | sales enablement | market research | customer retention | sales optimization | revenue growth,marketing automation | sales enablement | customer service tools | data analytics | customer success | sales intelligence | market research | CRM software | sales training | content creation
Director of Growth,growth strategy | customer acquisition | sales pipeline | market analysis | sales performance | customer retention | sales optimization | revenue management | sales forecasting | growth metrics,growth hacking tools | sales automation | marketing platforms | data analytics | customer service tools | sales intelligence | market research | sales enablement | customer success | sales training
Director of Business Development,business development | partnerships | market analysis | customer acquisition | sales strategy | customer retention | sales optimization | revenue growth | business partnerships | market expansion,business intelligence | market research | sales enablement | customer service tools | data analytics | customer success | sales intelligence | CRM software | sales training | content creation
Director of Sales Development,sales development | customer acquisition | sales pipeline | market analysis | sales performance | customer retention | sales optimization | revenue management | sales forecasting | growth metrics,sales automation | marketing platforms | data analytics | customer service tools | sales intelligence | market research | sales enablement | CRM software | sales training | content creation
Director of Demand Generation,lead generation | customer acquisition | sales pipeline | marketing strategy | demand creation | customer engagement | sales growth | market research | target audience | customer retention,marketing automation | CRM software | lead scoring tools | email marketing | content creation | SEO services | paid advertising | social media management | data analytics | customer insights
Director of Partnerships,partnership development | business growth | strategic alliances | collaboration models | joint ventures | business expansion | market access | strategic partnerships | cooperation agreements | business synergy,partnership software | deal management | contract negotiation | business intelligence | market research | consulting services | strategic planning | change management | communication tools | collaboration platforms
Director of Alliances,alliance management | business growth | strategic partnerships | collaboration models | joint ventures | business expansion | market access | strategic partnerships | cooperation agreements | business synergy,partnership software | deal management | contract negotiation | business intelligence | market research | consulting services | strategic planning | change management | communication tools | collaboration platforms
Director of Channel,channel development | business growth | strategic partnerships | collaboration models | joint ventures | business expansion | market access | strategic partnerships | cooperation agreements | business synergy,channel management software | deal management | contract negotiation | business intelligence | market research | consulting services | strategic planning | change management | communication tools | collaboration platforms
Director of Sales Engineering,sales engineering | technical support | product training | solution design | technical sales | customer success | technical account management | sales enablement | technical onboarding | customer adoption,sales enablement software | technical training tools | product demo software | solution design tools | technical sales platforms | customer success software | technical account management tools | sales analytics | technical onboarding tools | customer adoption platforms
Director of Sales Operations,sales strategy | customer insights | sales process | sales metrics | sales forecasting | sales performance | sales teams | sales pipeline | sales analytics | sales optimization,CRM software | sales automation | marketing tools | sales intelligence | data analytics | sales enablement | sales training | sales coaching | sales software | sales platforms
Director of Sales Enablement,sales enablement | sales training | sales coaching | sales performance | sales analytics | sales metrics | sales process | sales teams | sales pipeline | sales optimization,sales software | sales platforms | CRM integration | sales intelligence | data analytics | sales enablement tools | sales training software | sales coaching tools | sales performance metrics | sales analytics software
Director of Revenue Enablement,revenue growth | revenue strategy | revenue metrics | revenue forecasting | revenue performance | revenue teams | revenue pipeline | revenue analytics | revenue optimization | revenue enablement,revenue management software | revenue analytics tools | CRM integration | revenue intelligence | data analytics | revenue enablement tools | revenue training software | revenue coaching tools | revenue performance metrics | revenue optimization software
Director of Marketing,marketing strategy | brand awareness | marketing metrics | marketing performance | marketing teams | marketing campaigns | marketing analytics | marketing optimization | marketing channels | marketing mix,marketing software | advertising platforms | social media tools | content management | SEO optimization | email marketing tools | marketing automation | data analytics | marketing intelligence | branding services
Director of Product Marketing,product marketing | product launch | product strategy | product metrics | product performance | product teams | product pipeline | product analytics | product optimization | product positioning,product information management | product launch software | product marketing tools | product analytics software | product intelligence | data analytics | product training software | product coaching tools | product performance metrics | product optimization software
Director of Brand,brand identity | market research | advertising campaigns | product positioning | brand messaging | market trends | customer insights | brand strategy | market analysis | brand awareness,branding agency | market research tools | advertising software | market intelligence platform | customer data platform | market analysis software | brand management tools | market research firm | advertising agency | branding services
Director of Digital Marketing,digital marketing | social media | email campaigns | content creation | SEO optimization | paid advertising | influencer marketing | brand awareness | lead generation | customer engagement,digital marketing software | social media management | email marketing platform | content creation tools | SEO optimization tools | paid advertising platform | influencer marketing agency | brand awareness services | lead generation software | customer engagement platform
Director of Performance Marketing,performance metrics | ROI analysis | budget allocation | advertising spend | campaign optimization | conversion rates | customer acquisition | marketing ROI | advertising effectiveness | marketing strategy,performance marketing software | ROI analysis tools | budgeting software | advertising spend management | campaign optimization platform | conversion rate optimization tools | customer acquisition platform | marketing ROI software | advertising effectiveness tools | marketing strategy consulting
Director of Content,content creation | content strategy | editorial calendar | content distribution | content marketing | brand storytelling | content analysis | content metrics | content optimization | content planning,content creation tools | content strategy software | editorial calendar management | content distribution platform | content marketing software | brand storytelling services | content analysis tools | content metrics software | content optimization tools | content planning software
Director of Marketing Operations,marketing operations | process optimization | team management | project management | marketing automation | data analysis | process improvement | team productivity | marketing efficiency | process standardization,marketing operations software | process optimization tools | team management platform | project management software | marketing automation platform | data analysis tools | process improvement consulting | team productivity software | marketing efficiency tools | process standardization services
Director of Acquisition,acquisition strategy | target companies | market research | due diligence | deal negotiations | partnerships | growth plans | market analysis | competitive landscape | merger integration,CRM software | market research tools | data analytics platforms | legal counsel | recruitment tools | cloud infrastructure | project management software | financial modeling tools | market intelligence services | business development services
Director of Communications,internal communications | external messaging | brand awareness | media relations | crisis management | stakeholder engagement | company updates | public statements | reputation management | brand strategy,PR software | social media management tools | content creation services | media monitoring services | crisis management services | event planning services | video production services | photography services | graphic design services | digital marketing platforms
Director of Public Relations,public image | reputation management | media relations | crisis management | stakeholder engagement | company messaging | brand awareness | internal communications | external messaging | media outreach,PR software | media monitoring services | crisis management services | event planning services | video production services | photography services | graphic design services | digital marketing platforms | social media management tools | content creation services
Director of Product,product development | product roadmap | product launch | product strategy | product features | product design | product testing | product iteration | product feedback | product metrics,product design software | project management tools | product testing equipment | UX design services | product development services | product launch services | product marketing services | product analytics platforms | product feedback tools | product research services
Director of Product Management,product management | product strategy | product roadmap | product launch | product features | product design | product testing | product iteration | product feedback | product metrics,product design software | project management tools | product testing equipment | UX design services | product development services | product launch services | product marketing services | product analytics platforms | product feedback tools | product research services
Director of Engineering,software development | engineering teams | product launches | release cycles | code quality | technical debt | engineering processes | devops tools | agile methodologies | engineering standards,development tools | engineering software | cloud infrastructure | testing platforms | version control | project management | collaboration tools | continuous integration | agile frameworks | devops services
Director of Technology,technology strategy | digital transformation | innovation initiatives | technology roadmap | change management | technical governance | technology standards | digital platforms | technology partnerships | innovation culture,cloud services | artificial intelligence | machine learning | cybersecurity solutions | data analytics | internet of things | blockchain technology | digital marketing | customer experience | digital transformation
Director of Platform,platform development | product platforms | platform strategy | platform operations | platform governance | platform security | platform scalability | platform performance | platform maintenance | platform updates,platform as a service | cloud platforms | software platforms | data platforms | integration platforms | API management | data governance | platform tools | platform services | digital platforms
Director of Infrastructure,infrastructure management | data center operations | network infrastructure | storage solutions | compute resources | security protocols | infrastructure standards | infrastructure monitoring | infrastructure maintenance | infrastructure upgrades,cloud infrastructure | data center equipment | networking hardware | storage systems | compute infrastructure | security software | infrastructure tools | data analytics | customer experience | digital transformation
Director of Architecture,system architecture | solution architecture | technical architecture | infrastructure architecture | data architecture | application architecture | security architecture | integration architecture | data governance | system design,architecture software | cloud architecture | data architecture | integration platforms | API management | data governance | security solutions | infrastructure tools | system design | solution design
Director of Artificial Intelligence,AI strategy | machine learning | data models | algorithm development | intelligence systems | predictive analytics | data integration | model deployment | AI infrastructure | data governance,AI software | machine learning tools | data platforms | cloud infrastructure | data storage | AI research | data analytics | machine learning frameworks | data visualization | AI consulting
Director of Data,data management | data quality | data security | data architecture | data governance | data integration | data warehousing | data analytics | data visualization | data strategy,data management software | data storage | data analytics tools | data visualization platforms | data security services | data integration platforms | data warehousing solutions | data governance software | data quality tools | data architecture frameworks
Director of Data Science,data science | data analysis | data insights | data modeling | data visualization | data mining | predictive analytics | data integration | data governance | data strategy,data science software | data analytics tools | data visualization platforms | data mining equipment | data integration platforms | data governance software | data quality tools | data architecture frameworks | data storage solutions | data management platforms
Director of Analytics,business analytics | data analysis | data insights | predictive analytics | data visualization | data mining | data integration | data governance | data strategy | business intelligence,business analytics software | data analytics tools | data visualization platforms | data mining equipment | data integration platforms | data governance software | data quality tools | data architecture frameworks | data storage solutions | business intelligence platforms
Director of Machine Learning,machine learning | AI strategy | algorithm development | model deployment | intelligence systems | predictive analytics | data integration | data governance | AI infrastructure | data models,machine learning tools | AI software | data platforms | cloud infrastructure | data storage | AI research | machine learning frameworks | data visualization | AI consulting | data analytics
Director of Cloud,cloud infrastructure | cloud migration | cloud security | cloud services | cloud storage | cloud computing | cloud deployment | cloud management | cloud architecture | cloud scalability,cloud infrastructure | AWS services | Azure platform | Google Cloud | cloud storage solutions | cloud security tools | cloud migration software | cloud analytics platform | cloud backup services | cloud monitoring tools
Director of Security,security protocols | security policies | security audits | security training | security awareness | security compliance | security testing | security monitoring | security incident response | security risk assessment,security software | cybersecurity services | security consulting | security training programs | security awareness platforms | security compliance tools | security testing equipment | security monitoring systems | security incident response services | security risk management software
Director of Information Technology,IT infrastructure | IT services | IT support | IT management | IT security | IT training | IT consulting | IT strategy | IT project management | IT budgeting,IT software | IT services contracts | IT consulting firms | IT training programs | IT security tools | IT infrastructure equipment | IT project management software | IT budgeting tools | IT service management platform | IT asset management software
Director of Information Security,infosec protocols | infosec policies | infosec audits | infosec training | infosec awareness | infosec compliance | infosec testing | infosec monitoring | infosec incident response | infosec risk assessment,infosec software | cybersecurity services | infosec consulting | infosec training programs | infosec awareness platforms | infosec compliance tools | infosec testing equipment | infosec monitoring systems | infosec incident response services | infosec risk management software
Director of Cybersecurity,cybersecurity protocols | cybersecurity policies | cybersecurity audits | cybersecurity training | cybersecurity awareness | cybersecurity compliance | cybersecurity testing | cybersecurity monitoring | cybersecurity incident response | cybersecurity risk assessment,cybersecurity software | cybersecurity services | cybersecurity consulting | cybersecurity training programs | cybersecurity awareness platforms | cybersecurity compliance tools | cybersecurity testing equipment | cybersecurity monitoring systems | cybersecurity incident response services | cybersecurity risk management software
Director of Digital Transformation,digital strategy | business growth | market trends | customer experience | process improvement | change management | organizational design | technology adoption | innovation culture | transformation roadmap,digital platforms | cloud infrastructure | cybersecurity tools | data analytics | artificial intelligence | machine learning | collaboration software | project management | agile methodologies | devops services
Director of Innovation,innovation strategy | creative solutions | idea generation | product development | market research | customer insights | design thinking | prototyping | testing and validation | launch planning,design thinking tools | ideation software | prototyping equipment | user testing services | market research platforms | customer feedback tools | innovation consulting | creative agencies | design studios | product development services
Director of Research and Development,research methodology | product development | testing and validation | quality assurance | regulatory compliance | scientific research | data analysis | statistical modeling | experimental design | results interpretation,research software | testing equipment | laboratory services | data analytics platforms | statistical consulting | regulatory compliance services | scientific instruments | experimental design tools | data visualization software | results reporting services
Director of Software Engineering,software development | code quality | testing and validation | deployment planning | release management | agile methodologies | devops practices | continuous integration | continuous deployment | monitoring and feedback,software development tools | testing frameworks | devops services | agile project management | continuous integration platforms | continuous deployment services | monitoring software | feedback tools | release management services | code review platforms
Director of Enterprise Architecture,architecture design | system integration | data governance | infrastructure planning | security protocols | compliance management | business process design | organizational change | technology adoption | solution implementation,architecture software | system integration tools | data governance platforms | infrastructure services | security consulting | compliance services | business process management | change management services | technology adoption services | solution implementation services
Director of Operations,operational efficiency | process management | team leadership | project coordination | resource allocation | budget planning | supply chain | logistics management | facility operations | employee training,project management software | collaboration tools | HR systems | time tracking software | communication platforms | data analytics | cloud infrastructure | recruitment tools | performance management | training programs
Director of Business Operations,business strategy | operational excellence | process improvement | team development | project execution | resource optimization | budget management | supply chain management | logistics optimization | employee engagement,business intelligence software | project management tools | HR systems | communication platforms | data analytics | cloud infrastructure | recruitment tools | performance management | training programs | market research
Director of Strategy,business strategy | market analysis | competitive research | industry trends | growth planning | innovation management | risk assessment | market entry | business development | partnerships,market research software | competitive intelligence tools | business intelligence software | data analytics | cloud infrastructure | communication platforms | recruitment tools | training programs | consulting services | advisory services
Director of Finance,financial planning | budget management | financial analysis | cash flow management | investment management | risk assessment | compliance management | financial reporting | accounting systems | auditing,accounting software | financial planning tools | HR systems | communication platforms | data analytics | cloud infrastructure | recruitment tools | performance management | training programs | audit services
Director of Financial Planning and Analysis,financial planning | budget management | financial analysis | cash flow management | investment management | risk assessment | compliance management | financial reporting | forecasting | financial modeling,financial planning software | budgeting tools | HR systems | communication platforms | data analytics | cloud infrastructure | recruitment tools | performance management | training programs | consulting services
Director of Accounting,financial reports | accounting systems | budget analysis | cash flow management | accounting policies | financial statements | accounting software | internal controls | accounting standards | external audits,accounting software | financial planning | tax compliance | auditing services | financial analysis | accounting tools | compliance software | financial reporting | accounting consulting | financial data
Director of Treasury,cash management | treasury systems | funding strategies | interest rate risk | treasury policies | liquidity management | treasury operations | foreign exchange | treasury management | investment strategies,treasury software | cash management tools | funding platforms | foreign exchange services | treasury consulting | liquidity management | investment banking | treasury analysis | funding solutions | cash flow management
Director of Tax,tax planning | tax compliance | tax strategies | tax policies | tax returns | tax audits | tax consulting | tax laws | tax regulations | tax planning software,tax software | tax consulting services | tax compliance | tax planning tools | tax research | tax analysis | tax planning platforms | tax advisory | tax management | tax reporting
Director of Risk,risk assessment | risk management | risk policies | risk analysis | risk mitigation | risk monitoring | risk reporting | risk strategies | risk control | risk governance,risk management software | risk consulting services | risk assessment tools | risk analysis platforms | risk management consulting | risk advisory | risk management solutions | risk reporting tools | risk management platforms | risk data analytics
Director of Compliance,compliance policies | compliance procedures | compliance monitoring | compliance reporting | compliance training | compliance audits | compliance consulting | compliance laws | compliance regulations | compliance management,compliance software | compliance consulting services | compliance tools | compliance platforms | compliance research | compliance analysis | compliance advisory | compliance management solutions | compliance reporting tools | compliance data analytics
Director of Legal,legal contracts | company policies | regulatory compliance | litigation cases | contract review | dispute resolution | employment law | corporate governance | intellectual property | litigation strategy,legal counsel | litigation software | contract management | regulatory consulting | compliance tools | dispute resolution services | employment screening | background checks | intellectual property protection | court reporting
Director of Corporate Development,strategic partnerships | merger and acquisition | business growth | market analysis | competitive research | market entry | business development | strategic planning | market expansion | new business models,market research tools | business intelligence software | market entry services | strategic consulting | merger and acquisition services | business development tools | market expansion platforms | competitive intelligence | strategic planning software | growth hacking
Director of Investor Relations,investor communications | capital raising | financial reporting | shareholder engagement | investor relations | financial analysis | capital markets | shareholder value | financial forecasting | investor confidence,investor relations software | financial reporting tools | capital markets platforms | shareholder engagement services | financial analysis software | capital raising services | shareholder value optimization | financial forecasting tools | investor confidence metrics | capital allocation
Director of Procurement,procurement processes | supplier management | contract negotiation | sourcing strategies | procurement optimization | supply chain management | procurement analytics | cost reduction | supplier performance | procurement systems,procurement software | supplier management tools | contract negotiation services | sourcing platforms | procurement optimization tools | supply chain management software | procurement analytics platforms | cost reduction services | supplier performance metrics | procurement consulting
Director of Supply Chain,supply chain management | logistics planning | inventory management | warehousing operations | transportation management | supply chain optimization | demand forecasting | supply chain analytics | supply chain resilience | supply chain visibility,supply chain software | logistics planning tools | inventory management systems | warehousing operations services | transportation management platforms | supply chain optimization tools | demand forecasting software | supply chain analytics platforms | supply chain resilience services | supply chain visibility metrics
Director of Logistics,supply chain | warehousing | shipping | inventory | distribution | routes | fleet | drivers | tracking | delivery,transportation software | fleet management | warehousing equipment | GPS tracking | logistics platforms | shipping containers | delivery vans | warehousing systems | inventory management | route optimization
Director of Manufacturing,production lines | assembly | quality control | materials | equipment | machinery | processes | yield | efficiency | output,manufacturing software | equipment maintenance | quality control tools | production machinery | raw materials | factory equipment | assembly lines | production platforms | yield optimization | quality assurance
Director of Quality,quality control | standards | compliance | testing | certification | regulations | audits | inspections | defects | corrective actions,quality control software | testing equipment | certification services | regulatory compliance | audit tools | inspection services | quality management | defect tracking | corrective action plans | quality metrics
Director of Human Resources,talent acquisition | employee relations | benefits | compensation | training | development | recruitment | retention | performance | engagement,HR software | recruitment platforms | training programs | benefits administration | compensation analysis | talent management | employee engagement | performance metrics | retention strategies | development tools
Director of People,talent acquisition | employee relations | development | engagement | retention | performance | training | culture | communication | motivation,HR software | recruitment platforms | training programs | employee engagement | retention strategies | performance metrics | development tools | culture assessment | communication platforms | motivation techniques
Director of Talent Acquisition,talent pool | candidate pipeline | hiring process | recruitment strategy | job postings | candidate experience | talent management | employee engagement | workforce planning | retention rates,recruitment software | ATS platform | job board services | background check tools | interview scheduling | candidate relationship | HRIS system | talent analytics | candidate sourcing | employee referral
Director of Learning and Development,learning programs | employee development | skill assessments | training materials | performance metrics | leadership development | career growth | employee engagement | knowledge sharing | organizational change,LMS platform | e-learning software | training equipment | coaching services | mentoring programs | online courseware | simulation tools | feedback systems | evaluation tools | certification programs
Director of Real Estate,property management | lease agreements | space planning | facility operations | real estate portfolio | asset management | lease negotiations | space allocation | property maintenance | capital projects,property management software | lease accounting | facilities management | real estate data | lease analysis tools | space planning software | property valuation | lease renewal services | facilities maintenance | capital budgeting
Director of Facilities,facility operations | space management | maintenance schedules | energy efficiency | safety protocols | emergency preparedness | asset management | capital projects | space planning | operations budget,CMMS software | facilities management | energy monitoring | safety equipment | emergency response | asset tracking | capital budgeting | space planning software | energy efficiency | maintenance scheduling
Director of Government Affairs,government relations | policy analysis | regulatory compliance | lobbying efforts | stakeholder engagement | public policy | government contracts | lobbying strategy | regulatory affairs | government reporting,lobbying software | government relations | policy analysis tools | regulatory compliance | lobbying services | government data | lobbying tracking | regulatory affairs | government reporting | policy monitoring
Director of Professional Services,client relationships | service delivery | professional growth | team management | service quality | client satisfaction | service standards | professional development | service excellence | client engagement,training software | project management tools | client relationship management | professional certification | service delivery platform | client feedback system | professional development programs | service quality metrics | client satisfaction surveys | service excellence framework
Director of Delivery,project delivery | service execution | delivery timelines | project management | delivery quality | project milestones | delivery standards | project coordination | delivery excellence | project completion,project management software | delivery platform | project coordination tools | delivery quality metrics | project timeline management | delivery standards framework | project completion metrics | delivery excellence programs | project management consulting | delivery optimization tools
Director of Implementation,implementation plans | service rollout | implementation timelines | service adoption | implementation quality | service integration | implementation standards | service deployment | implementation excellence | service configuration,implementation software | service integration platform | implementation tools | service adoption metrics | implementation quality framework | service deployment tools | implementation excellence programs | service configuration management | implementation timeline management | service integration consulting
Director of Project Management,project planning | service execution | project coordination | project management | project delivery | project quality | project timelines | project milestones | project completion | project standards,project management software | project coordination tools | project timeline management | project quality metrics | project management consulting | project delivery platform | project standards framework | project completion metrics | project optimization tools | project management training
Director of Program Management,program planning | service execution | program coordination | program management | program delivery | program quality | program timelines | program milestones | program completion | program standards,program management software | program coordination tools | program timeline management | program quality metrics | program management consulting | program delivery platform | program standards framework | program completion metrics | program optimization tools | program management training
Director of Customer Success,customer relationships | success metrics | customer growth | retention strategies | customer feedback | onboarding processes | customer support | account management | customer satisfaction | key performance indicators,CRM software | customer service tools | helpdesk platforms | email marketing software | customer data platforms | sales enablement tools | customer success platforms | training programs | recruitment tools | performance management software
Director of Strategic Initiatives,strategic plans | initiative management | project oversight | initiative tracking | strategic alignment | initiative delivery | project coordination | initiative evaluation | strategic goals | project management,project management software | initiative tracking tools | strategic planning software | project coordination tools | initiative delivery platforms | strategic alignment tools | project evaluation software | initiative management software | strategic goal setting tools | project tracking platforms
Regional Director,regional operations | regional growth | regional expansion | regional strategy | regional performance | regional management | regional development | regional oversight | regional goals | regional reporting,regional marketing software | regional sales tools | regional customer service platforms | regional data analytics software | regional business intelligence tools | regional project management software | regional initiative tracking platforms | regional strategic planning software | regional performance management tools | regional reporting software
Area Director,area operations | area growth | area expansion | area strategy | area performance | area management | area development | area oversight | area goals | area reporting,area marketing software | area sales tools | area customer service platforms | area data analytics software | area business intelligence tools | area project management software | area initiative tracking platforms | area strategic planning software | area performance management tools | area reporting software
Country Director,country operations | country growth | country expansion | country strategy | country performance | country management | country development | country oversight | country goals | country reporting,country marketing software | country sales tools | country customer service platforms | country data analytics software | country business intelligence tools | country project management software | country initiative tracking platforms | country strategic planning software | country performance management tools | country reporting software
Divisional Director,business strategy | market analysis | team management | department oversight | financial planning | growth initiatives | operational efficiency | resource allocation | performance metrics | executive leadership,HR software | project management tools | data analytics platform | cloud infrastructure | recruitment agency | training services | market research firm | financial planning software | customer relationship management | communication equipment
Sales Manager,sales performance | customer engagement | territory management | sales forecasting | team motivation | sales training | account management | sales analytics | pipeline management | sales strategy,CRM software | sales enablement platform | customer service tools | sales intelligence software | marketing automation | sales training services | recruitment agency | performance management software | communication equipment | data analytics platform
Enterprise Sales Manager,enterprise sales | complex deals | strategic accounts | large customer | sales strategy | account management | sales analytics | pipeline management | sales forecasting | executive relationships,enterprise sales software | strategic account management | complex deal management | large customer service | sales intelligence platform | marketing automation | sales training services | performance management software | communication equipment | data analytics platform
Commercial Sales Manager,commercial sales | business development | strategic partnerships | market expansion | sales strategy | account management | sales analytics | pipeline management | sales forecasting | executive relationships,commercial sales software | strategic partnership management | market expansion tools | business development services | sales intelligence platform | marketing automation | sales training services | performance management software | communication equipment | data analytics platform
Inside Sales Manager,inside sales | customer engagement | sales forecasting | pipeline management | sales analytics | team motivation | sales training | account management | sales strategy | executive relationships,CRM software | inside sales tools | customer service software | sales intelligence platform | marketing automation | sales training services | performance management software | communication equipment | data analytics platform | recruitment agency
Field Sales Manager,sales strategy | customer engagement | territory planning | sales forecasting | sales performance | sales metrics | sales analysis | sales reporting | sales coaching | sales training,CRM software | sales enablement tools | travel expenses | hotel reservations | car rentals | meals and entertainment | event sponsorships | trade show booths | sales collateral | market research
Regional Sales Manager,regional sales growth | sales team management | sales performance metrics | sales forecasting models | sales analytics tools | sales reporting dashboards | sales coaching programs | sales training sessions | sales strategy development | sales pipeline management,sales intelligence platform | CRM integration software | sales enablement platform | travel management tools | hotel booking software | car rental services | meal delivery services | event planning services | trade show management | market research reports
Area Sales Manager,area sales growth | sales team leadership | sales performance analysis | sales forecasting techniques | sales metrics tracking | sales reporting schedules | sales coaching sessions | sales training workshops | sales strategy implementation | sales pipeline optimization,sales enablement tools | CRM software | travel expense management | hotel reservation services | car rental services | meal delivery services | event planning services | trade show management | sales collateral design | market research studies
Territory Sales Manager,territory sales growth | sales team development | sales performance metrics | sales forecasting models | sales analytics tools | sales reporting dashboards | sales coaching programs | sales training sessions | sales strategy development | sales pipeline management,sales intelligence platform | CRM integration software | sales enablement platform | travel management tools | hotel booking software | car rental services | meal delivery services | event planning services | trade show management | market research reports
District Sales Manager,district sales growth | sales team leadership | sales performance analysis | sales forecasting techniques | sales metrics tracking | sales reporting schedules | sales coaching sessions | sales training workshops | sales strategy implementation | sales pipeline optimization,sales enablement tools | CRM software | travel expense management | hotel reservation services | car rental services | meal delivery services | event planning services | trade show management | sales collateral design | market research studies
National Sales Manager,sales strategy | national teams | sales growth | regional markets | customer engagement | sales performance | territory management | sales forecasting | account management | sales analytics,CRM software | sales training | recruitment tools | travel expenses | sales equipment | market research | sales data | customer service | sales platforms | marketing materials
Strategic Sales Manager,sales strategy | market analysis | sales forecasting | customer insights | sales performance | territory management | sales growth | account management | sales analytics | sales reporting,sales intelligence | market research | sales software | customer service | sales training | sales platforms | CRM integration | sales equipment | data analytics | sales automation
Key Account Manager,account management | customer engagement | sales growth | territory management | sales performance | account planning | sales analytics | customer insights | sales forecasting | sales reporting,CRM software | sales training | recruitment tools | travel expenses | sales equipment | market research | sales data | customer service | sales platforms | account management
National Account Manager,account management | national teams | sales growth | regional markets | customer engagement | sales performance | territory management | sales forecasting | account planning | sales analytics,CRM software | sales training | recruitment tools | travel expenses | sales equipment | market research | sales data | customer service | sales platforms | national marketing
Global Account Manager,global markets | account management | sales growth | customer engagement | sales performance | territory management | sales forecasting | global teams | sales analytics | cross-border sales,global CRM | sales training | recruitment tools | travel expenses | sales equipment | market research | sales data | customer service | global sales platforms | international marketing
Channel Sales Manager,channel strategy | sales channels | customer engagement | territory management | sales performance | channel growth | customer acquisition | sales enablement | channel development | sales analytics,CRM software | sales enablement tools | channel management platform | sales intelligence software | customer data platform | sales automation tools | channel performance metrics | sales forecasting software | customer relationship management | sales analytics platform
Partner Sales Manager,partner development | sales partnerships | partner engagement | partner growth | sales performance | partner strategy | sales enablement | partner development | sales analytics | partner management,partner management software | sales enablement tools | partner development platform | sales intelligence software | partner relationship management | sales automation tools | partner performance metrics | sales forecasting software | partner data platform | sales analytics platform
Revenue Operations Manager,revenue growth | sales operations | revenue strategy | sales performance | revenue management | sales analytics | revenue forecasting | sales enablement | revenue optimization | sales metrics,sales intelligence software | revenue management platform | sales analytics platform | sales automation tools | revenue forecasting software | sales enablement tools | revenue optimization software | sales performance metrics | revenue data platform | sales intelligence platform
Sales Operations Manager,sales operations | sales strategy | sales performance | sales enablement | sales analytics | sales metrics | sales forecasting | sales optimization | sales process | sales efficiency,sales intelligence software | sales enablement tools | sales analytics platform | sales automation tools | sales performance metrics | sales forecasting software | sales optimization software | sales process management | sales efficiency tools | sales data platform
Sales Development Manager,sales development | sales strategy | sales performance | sales enablement | sales analytics | sales metrics | sales forecasting | sales optimization | sales process | sales efficiency,sales intelligence software | sales enablement tools | sales analytics platform | sales automation tools | sales performance metrics | sales forecasting software | sales optimization software | sales process management | sales efficiency tools | sales data platform
Business Development Manager,market research | customer acquisition | sales strategy | business growth | market expansion | client relationships | partnerships | business development | market analysis | revenue growth,CRM software | sales enablement tools | marketing automation | cloud infrastructure | recruitment tools | event management software | travel expenses | market research reports | industry publications | business intelligence software
Demand Generation Manager,lead generation | demand creation | marketing campaigns | lead nurturing | customer engagement | brand awareness | content marketing | lead scoring | demand analysis | customer acquisition,marketing automation | email marketing software | content management system | SEO services | paid advertising | social media management | event planning software | web analytics tools | content creation services | influencer marketing
Growth Manager,business growth | market expansion | revenue growth | customer acquisition | market analysis | sales strategy | market research | client relationships | partnerships | market development,business intelligence software | market research reports | industry publications | cloud infrastructure | recruitment tools | event management software | travel expenses | CRM software | sales enablement tools | marketing automation
Partnerships Manager,partnerships | business development | client relationships | market expansion | revenue growth | market analysis | sales strategy | market research | business growth | market development,CRM software | sales enablement tools | marketing automation | cloud infrastructure | recruitment tools | event management software | travel expenses | market research reports | industry publications | business intelligence software
Alliances Manager,partnerships | business development | client relationships | market expansion | revenue growth | market analysis | sales strategy | market research | business growth | market development,CRM software | sales enablement tools | marketing automation | cloud infrastructure | recruitment tools | event management software | travel expenses | market research reports | industry publications | business intelligence software
Channel Manager,channel strategy | partner network | sales channels | channel growth | partner engagement | sales enablement | channel development | partner relationships | sales performance | channel optimization,CRM software | sales enablement tools | partner relationship management | sales analytics platform | channel management software | sales training services | sales performance metrics | sales forecasting tools | sales productivity platform | sales enablement content
Sales Enablement Manager,sales enablement | sales performance | sales training | sales strategy | sales growth | sales development | sales engagement | sales optimization | sales productivity | sales effectiveness,sales enablement tools | sales analytics platform | sales performance metrics | sales forecasting tools | sales productivity platform | sales training services | sales enablement content | sales performance management | sales intelligence platform | sales coaching services
Revenue Enablement Manager,revenue growth | revenue strategy | revenue development | revenue optimization | revenue performance | revenue engagement | revenue management | revenue analysis | revenue forecasting | revenue acceleration,revenue management software | revenue analytics platform | revenue forecasting tools | revenue performance metrics | revenue intelligence platform | revenue coaching services | revenue enablement tools | revenue growth platform | revenue optimization services | revenue acceleration platform
Go-to-Market Manager,go-to-market strategy | market development | market growth | market engagement | market optimization | market performance | market analysis | market forecasting | market acceleration | market expansion,market research services | market intelligence platform | market analytics software | market growth platform | market development tools | market expansion services | market entry strategy | market penetration tools | market share analysis | market competitive analysis
Marketing Manager,marketing strategy | marketing growth | marketing development | marketing optimization | marketing performance | marketing engagement | marketing analysis | marketing forecasting | marketing acceleration | marketing expansion,marketing automation software | marketing analytics platform | marketing intelligence tools | marketing growth platform | marketing development services | marketing expansion tools | marketing entry strategy | marketing penetration services | marketing share analysis | marketing competitive analysis
Product Marketing Manager,product launches | market positioning | customer segments | product messaging | brand awareness | market research | product roadmaps | go-to-market strategies | product adoption | market analysis,product information platform | market research tools | customer data platform | content management system | email marketing software | social media management | SEO optimization tools | advertising platforms | product development software | data analytics tools
Brand Manager,brand identity | brand strategy | brand messaging | brand positioning | brand guidelines | brand architecture | brand portfolio | brand reputation | brand awareness | brand consistency,brand management software | market research tools | branding agency services | advertising platforms | social media management | content creation services | SEO optimization tools | branding equipment | data analytics tools | market intelligence platform
Digital Marketing Manager,digital campaigns | online marketing | social media marketing | email marketing | search engine marketing | paid advertising | digital analytics | content marketing | influencer marketing | customer engagement,digital marketing software | social media management | email marketing software | paid advertising platforms | SEO optimization tools | content creation services | influencer marketing platform | data analytics tools | advertising agency services | market research tools
Performance Marketing Manager,performance metrics | marketing ROI | conversion rates | customer acquisition | cost per acquisition | return on investment | marketing attribution | customer lifetime value | marketing efficiency | data-driven decisions,performance marketing software | data analytics tools | marketing attribution platform | cost per acquisition tools | return on investment software | marketing ROI platform | customer data platform | advertising platforms | market research tools | SEO optimization tools
Content Manager,content creation | content strategy | content calendar | content distribution | content marketing | content governance | content quality | content relevance | content engagement | content metrics,content management system | content creation services | content distribution platform | content marketing software | SEO optimization tools | content analytics tools | data analytics tools | content creation equipment | advertising platforms | market research tools
Marketing Operations Manager,marketing strategy | ad spend | campaign analysis | budget management | team lead | project timeline | resource allocation | data analysis | reporting metrics | process improvement,marketing automation | SEO tools | social media management | email marketing software | advertising platforms | data analytics | content management | customer relationship | market research | branding services
Acquisition Manager,customer acquisition | sales growth | lead generation | pipeline management | target market | sales strategy | account management | customer retention | sales forecasting | business development,sales software | customer relationship | marketing automation | lead generation tools | sales enablement | data analytics | customer service | sales training | crm software | sales intelligence
Communications Manager,company messaging | internal comms | external comms | media relations | crisis management | stakeholder engagement | press releases | speechwriting | event planning | brand reputation,PR software | media monitoring | crisis management | event planning tools | speechwriting services | media training | branding services | content creation | video production | social media management
Public Relations Manager,reputation management | media relations | crisis management | stakeholder engagement | company messaging | internal comms | external comms | event planning | speechwriting | brand reputation,PR software | media monitoring | crisis management | event planning tools | speechwriting services | media training | branding services | content creation | video production | social media management
Product Manager,product roadmap | feature development | product launch | market research | customer feedback | product testing | product iteration | market analysis | competitive analysis | product strategy,product design tools | project management | agile development | customer feedback tools | market research services | product testing software | data analytics | product development | ux design | product launch planning
Senior Product Manager,product roadmap | market analysis | customer feedback | product launch | feature development | product vision | market trends | customer needs | product strategy | product metrics,product design tools | project management software | UX research services | product testing equipment | cloud infrastructure | recruitment tools | marketing automation platform | data analytics software | product development platform | agile project management
Group Product Manager,product portfolio | market segmentation | customer insights | product growth | feature prioritization | product lifecycle | market intelligence | customer satisfaction | product performance | market share,product information management | market research services | UX design software | product development tools | cloud storage services | recruitment agency | marketing automation software | data visualization tools | product launch platform | agile development framework
Principal Product Manager,product innovation | market leadership | customer advocacy | product excellence | feature development | product strategy | market trends | customer needs | product vision | product metrics,product innovation platform | market research software | UX design services | product development equipment | cloud infrastructure | recruitment tools | marketing automation platform | data analytics software | product development platform | agile project management
Engineering Manager,software development | engineering team | code quality | release management | engineering process | software testing | engineering standards | software deployment | engineering metrics | software maintenance,software development tools | engineering project management software | UX research services | engineering testing equipment | cloud infrastructure | recruitment tools | marketing automation platform | data analytics software | software development platform | agile development framework
Senior Engineering Manager,engineering leadership | software architecture | engineering process | release management | engineering team | software testing | engineering standards | software deployment | engineering metrics | software maintenance,software architecture tools | engineering project management software | UX research services | engineering testing equipment | cloud infrastructure | recruitment tools | marketing automation platform | data analytics software | software development platform | agile development framework
Technology Manager,tech support | system updates | network security | software development | hardware maintenance | IT services | digital infrastructure | cybersecurity measures | tech integration | data backup,IT equipment | software licenses | network tools | cybersecurity software | cloud services | data storage | tech consulting | IT training | network infrastructure | security software
Platform Manager,platform development | software deployment | data integration | API management | system scalability | platform maintenance | data analytics | platform security | tech support | system updates,platform software | API tools | data platforms | cloud infrastructure | software development | IT services | data storage | platform consulting | security software | network tools
Infrastructure Manager,infrastructure development | system maintenance | data storage | network security | IT services | tech support | infrastructure updates | system scalability | data backup | cybersecurity measures,infrastructure software | IT equipment | network tools | cloud services | data platforms | security software | infrastructure consulting | IT training | data storage | network infrastructure
Data Manager,data analysis | data storage | data security | data integration | data backup | data recovery | data maintenance | data quality | data governance | data compliance,data platforms | data storage | data analytics | data software | data security tools | data consulting | data training | data infrastructure | data management software | data governance tools
Analytics Manager,data analysis | business insights | market research | performance metrics | data visualization | reporting tools | data integration | data quality | data governance | data compliance,data analytics software | business intelligence tools | data platforms | data storage | data security tools | data consulting | data training | data infrastructure | data management software | data governance tools
Machine Learning Manager,machine learning | data models | algorithm development | model deployment | predictive analytics | data pipelines | feature engineering | model evaluation | data quality | data governance,AI software | machine learning tools | data storage | cloud infrastructure | data analytics | big data platforms | data visualization | data security | data governance | IT services
Cloud Manager,cloud infrastructure | cloud migration | cloud security | cloud compliance | cloud cost management | cloud scalability | cloud reliability | cloud performance | cloud monitoring | cloud optimization,cloud services | cloud storage | cloud computing | cloud platforms | cloud security | cloud backup | cloud disaster recovery | cloud management | cloud automation | cloud monitoring
Security Manager,security policies | risk management | incident response | security audits | compliance management | security training | security awareness | security governance | security compliance | security risk assessment,security software | firewall services | identity access management | security consulting | security training | security awareness | security testing | security monitoring | security analytics | security intelligence
Information Technology Manager,IT strategy | IT governance | IT operations | IT service management | IT project management | IT infrastructure | IT security | IT compliance | IT risk management | IT asset management,IT services | IT software | IT hardware | IT consulting | IT training | IT support | IT outsourcing | IT infrastructure | IT security | IT management
Information Security Manager,security policies | risk management | incident response | security audits | compliance management | security training | security awareness | security governance | security compliance | security risk assessment,security software | firewall services | identity access management | security consulting | security training | security awareness | security testing | security monitoring | security analytics | security intelligence
Cybersecurity Manager,security protocols | threat analysis | incident response | vulnerability assessment | risk management | compliance audits | network security | data protection | cyber threats | IT governance,firewall software | antivirus tools | security platforms | compliance services | cyber insurance | security training | penetration testing | security audits | incident response software | cybersecurity consulting
Operations Manager,process optimization | team management | project coordination | resource allocation | supply chain management | inventory control | logistics planning | facility management | quality control | customer service,project management software | HR platforms | inventory management systems | logistics services | facility equipment | quality control tools | customer relationship management | supply chain software | operations consulting | business intelligence tools
Business Operations Manager,business strategy | process improvement | team leadership | project execution | resource planning | cost management | performance metrics | risk assessment | compliance management | business growth,business intelligence software | project management tools | HR systems | inventory management platforms | logistics services | facility management software | quality control systems | customer relationship management | supply chain consulting | operations analytics
Strategy Manager,business strategy | market analysis | competitive analysis | market research | industry trends | growth planning | market positioning | competitive strategy | market entry | business development,market research software | competitive intelligence tools | industry reports | market analysis platforms | business strategy consulting | market entry services | growth hacking tools | market positioning services | competitive strategy consulting | business development software
Finance Manager,financial planning | budget management | financial analysis | cash flow management | financial reporting | accounting systems | financial forecasting | investment management | risk assessment | compliance management,accounting software | financial planning tools | budgeting platforms | financial analysis systems | cash flow management services | financial reporting tools | investment management services | risk assessment software | compliance services | financial consulting
Financial Planning and Analysis Manager,financial reports | budget analysis | forecasting models | performance metrics | data visualization | business insights | financial projections | strategic planning | financial analysis | business strategy,financial software | data analytics tools | cloud infrastructure | CRM software | project management | collaboration platform | data storage | business intelligence | market research | accounting systems
Accounting Manager,accounting records | financial statements | tax compliance | audit preparation | accounting policies | financial regulations | accounting standards | financial reporting | accounting systems | financial controls,accounting software | tax preparation | financial planning | auditing services | accounting consulting | financial analysis | tax research | accounting training | financial compliance | accounting tools
Treasury Manager,cash management | treasury operations | foreign exchange | interest rates | treasury risk | liquidity management | treasury systems | cash flow | treasury policies | financial markets,treasury software | cash management tools | foreign exchange services | interest rate derivatives | treasury consulting | cash flow management | treasury training | financial markets data | treasury systems | risk management
Tax Manager,tax compliance | tax planning | tax strategy | tax regulations | tax laws | tax audits | tax disputes | tax credits | tax incentives | tax optimization,tax software | tax research | tax consulting | tax planning services | tax compliance tools | tax training | tax advisory | tax law updates | tax dispute resolution | tax efficiency
Risk Manager,risk assessment | risk management | compliance risk | operational risk | financial risk | strategic risk | reputation risk | regulatory risk | market risk | credit risk,risk management software | compliance tools | risk assessment services | risk consulting | regulatory compliance | risk training | compliance software | risk advisory | regulatory updates | risk mitigation
Compliance Manager,regulatory compliance | policy enforcement | risk assessment | audit management | compliance reporting | regulatory affairs | compliance training | internal controls | governance framework | compliance monitoring,compliance software | risk management tools | audit platforms | regulatory databases | compliance training services | legal counsel | audit equipment | compliance consulting | regulatory research | policy management software
Procurement Manager,procurement process | supplier management | contract negotiation | procurement strategy | sourcing and procurement | procurement analytics | procurement optimization | supplier performance | procurement reporting | contract management,procurement software | supplier intelligence tools | contract management platforms | procurement analytics tools | supplier relationship management | contract negotiation services | procurement consulting | supplier databases | procurement research | contract management software
Supply Chain Manager,supply chain optimization | logistics management | supply chain analytics | inventory management | supply chain visibility | supply chain risk management | supply chain resilience | supply chain performance | supply chain reporting | supply chain strategy,supply chain software | logistics platforms | inventory management tools | supply chain analytics tools | transportation management systems | warehousing equipment | logistics consulting | supply chain research | inventory management software | supply chain optimization tools
Logistics Manager,logistics operations | transportation management | warehousing management | inventory control | logistics analytics | logistics optimization | supply chain visibility | logistics performance | logistics reporting | logistics strategy,logistics software | transportation management systems | warehousing equipment | inventory management tools | logistics platforms | transportation management tools | warehousing services | logistics consulting | transportation databases | warehousing software
Manufacturing Manager,manufacturing operations | production planning | quality control | manufacturing analytics | manufacturing optimization | supply chain visibility | manufacturing performance | manufacturing reporting | manufacturing strategy | product development,manufacturing software | production planning tools | quality control equipment | manufacturing analytics tools | manufacturing platforms | product development services | manufacturing consulting | quality control databases | production planning software | manufacturing research
Quality Manager,quality control | product standards | compliance audits | regulatory checks | testing protocols | defect tracking | process improvements | quality metrics | certification programs | audit reports,quality management software | testing equipment | certification services | audit tools | regulatory compliance platforms | quality training programs | testing labs | quality consulting services | audit software | compliance reporting tools
Human Resources Manager,employee relations | benefits administration | talent management | performance reviews | HR policies | recruitment strategies | employee engagement | training programs | benefits packages | employee data,HR software | benefits administration platforms | talent management tools | recruitment agencies | training programs | HR consulting services | benefits providers | HR reporting tools | employee data platforms | recruitment marketing services
Talent Acquisition Manager,candidate sourcing | recruitment strategies | talent pipelines | candidate experience | hiring processes | talent attraction | candidate engagement | job postings | candidate screening | hiring metrics,recruitment software | talent acquisition platforms | job posting services | candidate sourcing tools | recruitment marketing services | candidate screening tools | talent attraction services | candidate experience platforms | hiring analytics tools | recruitment agencies
Learning and Development Manager,training programs | skill development | employee growth | learning strategies | performance support | knowledge sharing | skill assessments | training metrics | learning platforms | development plans,learning management systems | training software | skill development platforms | training providers | learning analytics tools | training equipment | skill assessment tools | learning consulting services | training reporting tools | development programs
Facilities Manager,space management | facility operations | maintenance schedules | energy efficiency | space planning | facility maintenance | safety protocols | space utilization | facility upgrades | sustainability initiatives,facilities management software | space planning tools | maintenance equipment | energy efficiency platforms | safety services | space utilization analytics | facility maintenance services | sustainability consulting services | space management platforms | energy management systems
Project Manager,project timelines | team collaboration | resource allocation | budget oversight | milestone tracking | project scope | stakeholder engagement | risk management | project deliverables | schedule adherence,project management software | collaboration tools | time tracking | communication platforms | budgeting software | risk assessment | stakeholder analysis | team building | training programs | meeting spaces
Program Manager,program strategy | portfolio management | resource optimization | budget allocation | program governance | stakeholder engagement | program metrics | risk assessment | program deliverables | change management,program management software | portfolio analysis | resource planning | budgeting tools | risk management | stakeholder engagement | program evaluation | change management | training programs | meeting spaces
Engagement Manager,client relationships | engagement strategy | team performance | client satisfaction | engagement metrics | client needs | engagement planning | client communication | engagement outcomes | client feedback,client relationship management | engagement software | client feedback tools | communication platforms | team building | training programs | meeting spaces | client analysis | engagement metrics | client satisfaction
Delivery Manager,delivery timelines | team execution | resource allocation | delivery quality | stakeholder engagement | delivery metrics | risk management | delivery outcomes | schedule adherence | delivery governance,delivery management software | team collaboration | time tracking | communication platforms | delivery planning | risk assessment | team building | training programs | meeting spaces | delivery analysis
Implementation Manager,implementation strategy | team performance | implementation timelines | implementation quality | stakeholder engagement | implementation metrics | risk management | implementation outcomes | schedule adherence | implementation governance,implementation management software | team collaboration | time tracking | communication platforms | implementation planning | risk assessment | team building | training programs | meeting spaces | implementation analysis
Sales Development Representative Manager,sales strategy | pipeline growth | quota attainment | sales process | team management | sales performance | territory planning | sales forecasting | sales enablement | customer engagement,CRM software | sales automation | lead generation | sales intelligence | customer data | sales analytics | sales training | sales coaching | sales tools | sales equipment
Business Development Representative Manager,business growth | revenue expansion | partnerships development | market research | business strategy | customer acquisition | business development | market analysis | business planning | market entry,market research tools | business intelligence | partnership software | customer relationship | business analytics | market data | business development tools | market entry services | business planning software | market intelligence
Outbound Sales Manager,outbound sales | cold calling | prospecting | lead generation | sales outreach | customer engagement | sales conversion | sales pipeline | sales forecasting | sales performance,sales automation | lead generation software | sales intelligence | customer data | sales analytics | sales training | sales coaching | sales tools | sales equipment | sales software
Account Executive,account management | customer retention | relationship building | customer engagement | sales strategy | account growth | customer acquisition | account planning | customer development | sales performance,customer relationship | account management software | customer data | sales analytics | customer intelligence | account planning tools | customer development services | account growth software | customer engagement tools | account management equipment
Enterprise Account Executive,enterprise sales | complex sales | strategic accounts | large deals | customer engagement | account growth | customer development | sales strategy | account planning | sales performance,enterprise software | complex sales tools | strategic account management | large deal software | customer intelligence | account growth services | customer development equipment | account planning software | customer engagement tools | strategic account management services
Mid-Market Account Executive,client relationships | sales strategy | account growth | customer engagement | territory management | sales pipeline | account development | business expansion | client acquisition | revenue growth,CRM software | sales analytics | marketing automation | cloud infrastructure | recruitment tools | sales training | customer service | data analytics | sales enablement | content creation
Small Business Account Executive,small business sales | client outreach | account management | customer support | sales growth | business development | client engagement | sales strategy | account expansion | revenue increase,small business software | marketing services | recruitment tools | cloud storage | customer service | sales training | data analytics | content creation | sales enablement | business intelligence
Strategic Account Executive,strategic sales | client relationships | account growth | business development | customer engagement | sales strategy | account expansion | revenue growth | client acquisition | strategic planning,strategic consulting | sales analytics | marketing automation | cloud infrastructure | recruitment tools | sales training | customer service | data analytics | sales enablement | content creation
Named Account Executive,named account sales | client relationships | account growth | customer engagement | sales strategy | account development | business expansion | client acquisition | revenue growth | account management,CRM software | sales analytics | marketing automation | cloud infrastructure | recruitment tools | sales training | customer service | data analytics | sales enablement | content creation
Federal Account Executive,federal sales | client relationships | account growth | customer engagement | sales strategy | account development | business expansion | client acquisition | revenue growth | regulatory compliance,government contracts | regulatory consulting | sales analytics | cloud infrastructure | recruitment tools | sales training | customer service | data analytics | sales enablement | content creation
Commercial Account Executive,client relationships | sales strategy | account growth | business development | customer engagement | market analysis | sales forecasting | territory management | key performance indicators | revenue growth,CRM software | sales analytics | market research tools | customer service platform | cloud infrastructure | recruitment tools | training programs | sales enablement platform | data visualization software | collaboration tools
Inside Sales Representative,lead generation | sales outreach | customer interactions | sales pipeline | account management | sales forecasting | territory management | key performance indicators | revenue growth | sales strategy,sales automation software | customer relationship management | sales analytics tools | market research platform | customer service software | cloud infrastructure | recruitment tools | training programs | data visualization software | collaboration tools
Field Sales Representative,customer engagement | sales strategy | account growth | business development | market analysis | sales forecasting | territory management | key performance indicators | revenue growth | sales enablement,sales enablement platform | CRM software | sales analytics tools | market research platform | customer service software | cloud infrastructure | recruitment tools | training programs | data visualization software | collaboration tools
Sales Development Representative,lead generation | sales outreach | customer interactions | sales pipeline | account management | sales forecasting | territory management | key performance indicators | revenue growth | sales strategy,sales automation software | customer relationship management | sales analytics tools | market research platform | customer service software | cloud infrastructure | recruitment tools | training programs | data visualization software | collaboration tools
Business Development Representative,business partnerships | sales strategy | account growth | market analysis | sales forecasting | territory management | key performance indicators | revenue growth | sales enablement | customer engagement,sales enablement platform | CRM software | sales analytics tools | market research platform | customer service software | cloud infrastructure | recruitment tools | training programs | data visualization software | collaboration tools
Sales Representative,customer relationships | sales performance | territory growth | quota management | sales strategy | customer engagement | sales metrics | account development | sales forecasting | customer satisfaction,CRM software | sales analytics | recruitment tools | training programs | travel expenses | communication tools | data storage | customer feedback | market research | sales enablement
Sales Executive,strategic partnerships | executive relationships | sales leadership | team management | sales vision | customer insights | sales enablement | sales coaching | sales performance | customer loyalty,executive coaching | sales training | leadership development | communication tools | data analytics | market research | sales software | recruitment agency | travel expenses | event planning
Territory Representative,territory growth | sales performance | customer relationships | quota management | sales strategy | customer engagement | sales metrics | account development | sales forecasting | customer satisfaction,CRM software | sales analytics | recruitment tools | training programs | travel expenses | communication tools | data storage | customer feedback | market research | sales enablement
Account Manager,customer relationships | account growth | sales performance | customer satisfaction | sales strategy | account development | sales metrics | customer engagement | sales forecasting | account management,CRM software | sales analytics | recruitment tools | training programs | travel expenses | communication tools | data storage | customer feedback | market research | sales enablement
Enterprise Account Manager,strategic partnerships | executive relationships | sales leadership | team management | sales vision | customer insights | sales enablement | sales coaching | sales performance | customer loyalty,executive coaching | sales training | leadership development | communication tools | data analytics | market research | sales software | recruitment agency | travel expenses | event planning
Strategic Account Manager,client relationships | account growth | sales strategy | customer engagement | territory management | key accounts | business development | account planning | client acquisition | sales performance,CRM software | sales tools | travel expenses | event planning | recruitment tools | training programs | market research | industry reports | business intelligence | data analytics
Principal Engineer,software development | engineering teams | technical leadership | code reviews | architecture design | system integration | product development | engineering standards | quality assurance | technical documentation,development tools | version control | cloud infrastructure | testing frameworks | agile methodologies | project management | engineering software | collaboration tools | security solutions | data storage
Staff Engineer,technical expertise | engineering teams | technical leadership | code reviews | architecture design | system integration | product development | engineering standards | quality assurance | technical documentation,development tools | version control | cloud infrastructure | testing frameworks | agile methodologies | project management | engineering software | collaboration tools | security solutions | data storage
Senior Staff Engineer,technical expertise | engineering teams | technical leadership | code reviews | architecture design | system integration | product development | engineering standards | quality assurance | technical documentation,development tools | version control | cloud infrastructure | testing frameworks | agile methodologies | project management | engineering software | collaboration tools | security solutions | data storage
Distinguished Engineer,technical vision | engineering teams | technical leadership | innovation strategy | architecture design | system integration | product development | engineering standards | quality assurance | technical documentation,research and development | innovation tools | cloud infrastructure | testing frameworks | agile methodologies | project management | engineering software | collaboration tools | security solutions | data storage
Staff Product Manager,product roadmap | market analysis | customer feedback | feature development | release planning | product launch | user experience | product vision | market trends | competitive analysis,product design tools | UX software | project management | agile platform | customer feedback tools | market research services | product testing equipment | UX design services | product launch services | market intelligence platform
Principal Data Scientist,data insights | machine learning | data modeling | predictive analytics | data visualization | data mining | statistical analysis | data quality | data governance | data strategy,data analytics software | machine learning platform | data visualization tools | statistical analysis software | data governance platform | data quality services | data warehousing | data integration tools | predictive analytics software | data science platform
Staff Data Scientist,data analysis | machine learning | data modeling | predictive analytics | data visualization | data mining | statistical analysis | data quality | data governance | data strategy,data analytics software | machine learning platform | data visualization tools | statistical analysis software | data governance platform | data quality services | data warehousing | data integration tools | predictive analytics software | data science platform
Principal Architect,system architecture | infrastructure design | cloud migration | network security | system integration | infrastructure management | system scalability | infrastructure optimization | system reliability | infrastructure strategy,cloud infrastructure | network security software | infrastructure management platform | system integration tools | cloud migration services | infrastructure design services | system scalability software | infrastructure optimization platform | system reliability services | infrastructure strategy consulting
Solution Architect,system architecture | infrastructure design | cloud migration | network security | system integration | infrastructure management | system scalability | infrastructure optimization | system reliability | infrastructure strategy,cloud infrastructure | network security software | infrastructure management platform | system integration tools | cloud migration services | infrastructure design services | system scalability software | infrastructure optimization platform | system reliability services | infrastructure strategy consulting
Enterprise Architect,company strategy | IT infrastructure | business growth | system integration | technology roadmap | enterprise systems | solution design | business transformation | IT services | digital strategy,ERP software | cloud infrastructure | IT consulting | cybersecurity tools | data analytics | network equipment | IT training | project management | software development | IT outsourcing
Technical Architect,system design | technical vision | software development | technology roadmap | solution architecture | technical strategy | system integration | IT services | digital transformation | business requirements,API management | cloud platforms | IT consulting | cybersecurity software | data storage | networking equipment | IT training | software testing | IT outsourcing | development tools
Cloud Architect,cloud strategy | cloud infrastructure | IT services | system migration | cloud security | cloud scalability | cloud architecture | cloud deployment | cloud management | cloud governance,cloud infrastructure | cloud platforms | cloud storage | cloud security | cloud analytics | cloud networking | cloud management | cloud automation | cloud monitoring | cloud backup
Data Architect,data strategy | data governance | data integration | data quality | data security | data architecture | data management | data analytics | data visualization | business intelligence,data warehousing | data analytics | data integration | data quality tools | data security software | data management | data governance | data backup | data recovery | data archiving
Security Architect,security strategy | security governance | security compliance | security risk | security architecture | security management | security analytics | incident response | security awareness | business continuity,cybersecurity tools | security software | security consulting | security training | security equipment | security services | incident response | security awareness | business continuity planning | disaster recovery
Sales Engineer,customer solutions | technical support | product demos | sales strategies | account management | sales pipeline | customer engagement | sales forecasting | product knowledge | sales performance,CRM software | sales tools | recruitment tools | training programs | sales analytics | customer data | sales platforms | marketing automation | sales enablement | customer success
Senior Sales Engineer,complex solutions | technical expertise | strategic sales | high-level support | sales leadership | customer relationships | sales growth | strategic planning | sales operations | customer insights,sales intelligence | CRM software | sales enablement | training programs | sales analytics | customer data | sales platforms | marketing automation | sales tools | customer success
Principal Sales Engineer,strategic solutions | technical leadership | sales vision | high-level sales | customer engagement | sales strategies | technical support | sales performance | customer insights | sales growth,sales intelligence | CRM software | sales enablement | training programs | sales analytics | customer data | sales platforms | marketing automation | sales tools | customer success
Solutions Engineer,technical solutions | customer support | product demos | sales strategies | account management | sales pipeline | customer engagement | sales forecasting | product knowledge | sales performance,CRM software | sales tools | recruitment tools | training programs | sales analytics | customer data | sales platforms | marketing automation | sales enablement | customer success
Senior Solutions Engineer,complex solutions | technical expertise | strategic sales | high-level support | sales leadership | customer relationships | sales growth | strategic planning | sales operations | customer insights,sales intelligence | CRM software | sales enablement | training programs | sales analytics | customer data | sales platforms | marketing automation | sales tools | customer success
Principal Solutions Engineer,software solutions | technical support | customer success | product development | solution architecture | technical consulting | customer engagement | solution delivery | technical expertise | engineering services,CRM software | cloud infrastructure | recruitment tools | project management | collaboration platform | cybersecurity services | data analytics | IT equipment | communication tools | marketing automation
Managing Partner,business strategy | financial oversight | company vision | executive leadership | partner management | business growth | strategic planning | team management | operational efficiency | business development,legal counsel | accounting services | office space | recruitment tools | marketing services | IT infrastructure | communication tools | travel expenses | training programs | business software
Senior Partner,business strategy | executive leadership | partner management | business growth | strategic planning | team management | operational efficiency | business development | financial management | company governance,CRM software | cloud infrastructure | recruitment tools | marketing services | IT equipment | communication tools | training programs | business software | office space | travel expenses
Partner,business development | partner management | business growth | strategic planning | team management | operational efficiency | financial management | company governance | executive leadership | business strategy,recruitment tools | marketing services | IT equipment | communication tools | training programs | business software | office space | travel expenses | legal counsel | accounting services
Associate Partner,business development | partner support | business growth | strategic planning | team management | operational efficiency | financial management | company governance | executive support | business strategy,recruitment tools | marketing services | IT equipment | communication tools | training programs | business software | office space | travel expenses | legal counsel | accounting services
Principal Consultant,client relationships | consulting services | business strategy | market analysis | solution design | implementation plans | change management | team leadership | project delivery | stakeholder engagement,consulting software | market research tools | project management | change management training | team collaboration tools | cloud infrastructure | data analytics | cybersecurity services | legal counsel | recruitment tools
Senior Manager,team management | project oversight | budget planning | resource allocation | performance metrics | process improvement | stakeholder engagement | communication plans | risk management | compliance monitoring,project management software | HR systems | financial planning tools | risk assessment services | compliance training | team collaboration tools | cloud storage | cybersecurity software | recruitment agency | office equipment
Manager,team leadership | project coordination | resource allocation | performance metrics | process improvement | communication plans | stakeholder engagement | budget management | risk assessment | compliance monitoring,project management software | HR systems | financial planning tools | team collaboration tools | cloud storage | cybersecurity software | recruitment agency | office equipment | training services | legal counsel
Associate Director,strategic planning | business development | team leadership | project oversight | budget planning | resource allocation | performance metrics | process improvement | stakeholder engagement | communication plans,strategic planning software | business intelligence tools | team collaboration tools | cloud infrastructure | data analytics | cybersecurity services | legal counsel | recruitment tools | training services | office equipment
Senior Associate,project delivery | team leadership | solution design | implementation plans | change management | stakeholder engagement | communication plans | risk management | compliance monitoring | performance metrics,project management software | team collaboration tools | cloud storage | cybersecurity software | recruitment agency | office equipment | training services | legal counsel | financial planning tools | HR systems
Practice Lead,team management | client relationships | practice growth | business strategy | team development | client acquisition | practice operations | team performance | client satisfaction | practice expansion,project management tools | client relationship software | team collaboration platform | cloud infrastructure | recruitment tools | performance metrics software | client data analytics | team communication tools | practice management software | client engagement platform
Practice Director,practice strategy | team leadership | client development | business growth | team performance | client satisfaction | practice expansion | team management | client relationships | practice operations,practice management software | client relationship software | team collaboration platform | cloud infrastructure | recruitment tools | performance metrics software | client data analytics | team communication tools | project management tools | client engagement platform
Fractional Chief Revenue Officer,revenue growth | sales strategy | client acquisition | business development | revenue operations | sales performance | client satisfaction | revenue expansion | sales management | client relationships,sales enablement software | revenue management platform | client relationship software | sales collaboration tools | cloud infrastructure | recruitment tools | performance metrics software | client data analytics | sales communication tools | revenue forecasting software
Fractional Chief Sales Officer,sales strategy | client acquisition | business development | sales performance | client satisfaction | sales management | client relationships | revenue growth | sales operations | client engagement,sales enablement software | revenue management platform | client relationship software | sales collaboration tools | cloud infrastructure | recruitment tools | performance metrics software | client data analytics | sales communication tools | sales analytics software
Fractional Chief Marketing Officer,marketing strategy | brand development | client engagement | business growth | marketing operations | client satisfaction | marketing performance | client relationships | marketing management | client acquisition,marketing automation software | brand management platform | client relationship software | marketing collaboration tools | cloud infrastructure | recruitment tools | performance metrics software | client data analytics | marketing communication tools | marketing analytics software
Fractional Chief Technology Officer,tech strategy | infrastructure build | software development | IT oversight | network security | cloud migration | system integration | data analytics | cybersecurity | digital transformation,cloud infrastructure | cybersecurity tools | IT consulting | software development | data analytics | network equipment | cloud storage | cybersecurity software | IT services | data management
Fractional Chief Financial Officer,financial planning | budget management | cash flow analysis | financial reporting | investment analysis | risk management | financial modeling | accounting oversight | tax compliance | financial forecasting,financial software | accounting services | tax consulting | investment platforms | financial modeling tools | risk management software | financial data | investment research | financial planning tools | accounting systems
Fractional Chief Operating Officer,operational efficiency | process improvement | project management | team leadership | change management | organizational design | supply chain management | logistics oversight | customer service | business development,project management software | team collaboration tools | change management consulting | supply chain management | logistics services | customer service software | business development tools | organizational design services | process improvement software | team building services
Fractional Chief People Officer,HR strategy | talent management | employee engagement | benefits administration | recruitment oversight | performance management | training and development | employee relations | compensation planning | diversity and inclusion,HR software | talent management tools | recruitment services | benefits administration services | performance management software | training and development services | employee engagement tools | compensation planning software | diversity and inclusion consulting | HR consulting
Interim Chief Revenue Officer,revenue growth | sales strategy | marketing oversight | customer acquisition | sales forecasting | pricing analysis | revenue modeling | sales performance | customer retention | market research,sales software | marketing automation | customer relationship management | sales enablement tools | pricing strategy consulting | revenue growth software | market research services | customer acquisition services | sales performance management | customer retention software
Interim Chief Financial Officer,financial reports | budget planning | cash flow | accounting systems | tax compliance | auditing | financial analysis | investment strategy | risk management | forecasting,accounting software | financial planning tools | tax consulting | auditing services | financial modeling | market research | data analytics | cloud infrastructure | cybersecurity | project management
Interim Chief Technology Officer,technology roadmap | infrastructure management | software development | data security | IT strategy | network architecture | cloud migration | cybersecurity | digital transformation | innovation,cloud infrastructure | cybersecurity software | IT consulting | data analytics | artificial intelligence | machine learning | network equipment | software development tools | data storage | collaboration tools
Interim Chief Operating Officer,operational efficiency | process improvement | supply chain management | logistics planning | project management | change management | team leadership | strategic planning | performance metrics | business growth,project management software | supply chain management tools | logistics services | change management consulting | team collaboration tools | performance metrics software | business intelligence | data analytics | cloud infrastructure | cybersecurity
Interim Head of Sales,sales strategy | customer acquisition | lead generation | sales forecasting | account management | sales performance | customer engagement | sales training | pipeline management | revenue growth,sales software | customer relationship management | marketing automation | lead generation services | sales training tools | customer engagement platforms | data analytics | sales intelligence | customer service software | revenue management
Interim Head of Marketing,marketing strategy | brand management | advertising campaigns | content creation | social media management | market research | customer engagement | brand awareness | lead generation | reputation management,marketing automation software | advertising platforms | content creation tools | social media management tools | market research services | customer engagement platforms | brand management consulting | data analytics | reputation management software | PR services
Portfolio Manager,portfolio analysis | investment strategy | asset allocation | risk management | performance tracking | market research | diversification | asset selection | portfolio rebalancing | return optimization,financial modeling | data analytics | market intelligence | research tools | portfolio software | risk assessment | investment platforms | market data | financial news | economic indicators
Investment Manager,investment decisions | portfolio optimization | risk assessment | return analysis | market trends | investment strategy | asset allocation | performance evaluation | investment research | portfolio management,investment software | market research | financial data | economic indicators | market intelligence | portfolio tools | investment platforms | risk management | financial modeling | data analytics
Fund Manager,fund performance | investment strategy | asset allocation | risk management | return analysis | market trends | investment decisions | portfolio optimization | fund research | investment oversight,fund management software | market data | financial news | economic indicators | investment platforms | portfolio tools | risk assessment | financial modeling | data analytics | market intelligence
Relationship Manager,client relationships | account management | client communication | relationship building | client needs | client satisfaction | client engagement | client retention | relationship development | client loyalty,customer relationship software | sales tools | marketing platforms | customer data | sales intelligence | customer service | relationship management | customer insights | sales analytics | customer engagement
Wealth Manager,wealth planning | financial planning | wealth management | asset protection | wealth growth | financial strategy | wealth optimization | financial planning | wealth preservation | financial security,financial planning software | wealth management tools | investment platforms | financial data | economic indicators | market intelligence | financial news | risk management | financial modeling | data analytics
Asset Manager,asset allocation | portfolio management | investment strategy | risk assessment | asset valuation | financial planning | investment analysis | asset selection | portfolio optimization | investment decisions,portfolio software | financial modeling | risk management tools | investment platforms | asset pricing models | financial data services | investment research tools | portfolio analytics | asset allocation software | investment consulting
Underwriter,risk assessment | policy issuance | claim processing | insurance policy | policy review | risk evaluation | policy approval | claim settlement | policy terms | insurance coverage,insurance software | risk assessment tools | policy management systems | insurance platforms | claim processing services | risk management software | policy issuance systems | insurance data services | claim settlement tools | insurance research services
Actuary,risk analysis | actuarial tables | insurance pricing | mortality rates | life expectancy | insurance policy | actuarial modeling | risk assessment | insurance coverage | actuarial consulting,actuarial software | risk analysis tools | insurance pricing models | actuarial data services | mortality tables | insurance research services | actuarial consulting services | insurance platforms | actuarial modeling tools | insurance data analytics
Trader,market analysis | trade execution | market trends | price movements | market volatility | trade management | market research | trade optimization | market data | investment decisions,trading software | market data services | trade execution platforms | market research tools | trading platforms | market analysis software | trade management systems | market data analytics | trading research services | investment consulting
Quantitative Analyst,data analysis | quantitative models | financial modeling | algorithmic trading | data visualization | quantitative research | financial analysis | data mining | quantitative strategy | investment decisions,quantitative software | data analysis tools | financial modeling platforms | algorithmic trading systems | data visualization services | quantitative research tools | financial data services | data mining software | quantitative strategy consulting | investment research services
Credit Manager,credit scoring | loan approval | credit risk | credit reports | credit analysis | credit decisions | credit policies | credit management | credit monitoring | credit control,credit scoring software | loan origination system | credit bureau data | credit monitoring tools | credit risk assessment | credit scoring models | credit reporting services | credit analysis software | credit decisioning platform | credit management system
Risk Analyst,risk assessment | risk management | risk analysis | risk mitigation | risk monitoring | risk control | risk evaluation | risk identification | risk prioritization | risk reporting,risk management software | risk assessment tools | risk analysis platform | risk monitoring system | risk control measures | risk evaluation models | risk identification tools | risk prioritization framework | risk reporting software | risk management consulting
Medical Director,medical research | clinical trials | medical education | medical policy | medical guidelines | medical standards | medical quality | medical safety | medical outcomes | medical research,electronic health records | medical research software | clinical trials management | medical education platform | medical policy software | medical guidelines database | medical standards compliance | medical quality improvement | medical safety equipment | medical research funding
Clinical Director,clinical operations | clinical trials | clinical research | clinical quality | clinical safety | clinical outcomes | clinical education | clinical policy | clinical guidelines | clinical standards,clinical trials management | electronic data capture | clinical research software | clinical quality improvement | clinical safety equipment | clinical outcomes analysis | clinical education platform | clinical policy management | clinical guidelines database | clinical standards compliance
Director of Clinical Operations,clinical operations | clinical trials | clinical research | clinical quality | clinical safety | clinical outcomes | clinical education | clinical policy | clinical guidelines | clinical standards,clinical trials management | electronic data capture | clinical research software | clinical quality improvement | clinical safety equipment | clinical outcomes analysis | clinical education platform | clinical policy management | clinical guidelines database | clinical standards compliance
Director of Regulatory Affairs,regulatory compliance | affirmative action | regulatory guidance | regulatory strategy | regulatory affairs | compliance monitoring | regulatory oversight | regulatory framework | regulatory policy | regulatory reporting,regulatory software | compliance tools | legal counsel | audit services | risk management | policy framework | compliance training | regulatory consulting | compliance management | audit software
Director of Medical Affairs,medical strategy | medical affairs | medical guidance | medical oversight | medical reporting | medical monitoring | medical development | medical research | medical policy | medical compliance,medical software | clinical trials | medical writing | medical education | medical marketing | medical research | clinical data | medical consulting | medical analytics | clinical trials management
Director of Drug Development,drug development | drug strategy | drug oversight | drug monitoring | drug reporting | drug guidance | drug research | drug policy | drug compliance | drug safety,drug discovery | clinical trials | drug development software | drug manufacturing | drug testing | drug formulation | drug packaging | drug labeling | drug storage | drug distribution
Director of Clinical Development,clinical development | clinical strategy | clinical oversight | clinical monitoring | clinical reporting | clinical guidance | clinical research | clinical policy | clinical compliance | clinical trials,clinical trials software | clinical data management | clinical research | clinical trials management | clinical analytics | clinical consulting | clinical writing | clinical education | clinical marketing | clinical software
Director of Pharmacovigilance,pharmacovigilance | safety monitoring | adverse event | safety reporting | safety guidance | safety oversight | safety policy | safety compliance | safety research | safety strategy,safety software | adverse event reporting | safety analytics | safety consulting | safety training | safety management | safety research | safety policy framework | safety compliance tools | safety monitoring system
Director of Quality Assurance,quality assurance | software testing | bug tracking | test cases | release management | product quality | defect analysis | testing protocols | quality metrics | assurance processes,testing tools | bug tracking software | quality management | software licenses | testing equipment | quality training | certification programs | testing platforms | quality consulting | audit services
Pharmacy Director,pharmacy operations | medication management | patient safety | pharmacy staff | prescription filling | pharmacy services | medication therapy | pharmacy policies | regulatory compliance | pharmacy management,pharmacy software | medication management systems | pharmacy equipment | medical supplies | pharmacy consulting | regulatory services | pharmacy training | pharmacy staffing | pharmacy marketing | pharmacy analytics
Category Manager,category strategy | product portfolio | market research | category analysis | product development | category planning | product launch | category execution | product management | category optimization,market research tools | category management software | product development tools | market intelligence | category consulting | product launch services | category analytics | product management software | category training | market analysis
Senior Category Manager,category leadership | product innovation | market insights | category growth | product optimization | category strategy | product development | category execution | product launch | category performance,category management software | market research tools | product development tools | category consulting | product launch services | category analytics | product management software | category training | market analysis | product innovation tools
Director of Category Management,category direction | product strategy | market analysis | category planning | product development | category execution | product launch | category optimization | product management | category performance,category management software | market research tools | product development tools | category consulting | product launch services | category analytics | product management software | category training | market analysis | product innovation tools
Buyer,product sourcing | vendor management | procurement process | supply chain | inventory control | order fulfillment | shipping logistics | warehousing operations | delivery schedules | stock levels,procurement software | vendor portal | shipping carriers | warehousing equipment | inventory management | order management | delivery tracking | shipping labels | warehousing services | freight forwarding
Senior Buyer,strategic sourcing | category management | vendor relationships | contract negotiation | supply chain optimization | cost reduction | quality control | delivery performance | inventory optimization | logistics planning,procurement platform | vendor management | shipping analytics | warehousing optimization | inventory software | order management | delivery tracking | shipping carriers | warehousing equipment | freight audit
Director of Buying,buying strategy | category planning | vendor selection | contract management | supply chain analysis | cost savings | quality assurance | delivery standards | inventory forecasting | logistics coordination,procurement system | vendor portal | shipping optimization | warehousing automation | inventory management | order management | delivery tracking | shipping labels | warehousing services | freight forwarding
Merchandise Manager,product assortment | inventory planning | vendor coordination | order fulfillment | shipping logistics | warehousing operations | delivery schedules | stock levels | product allocation | seasonal planning,inventory management | order management | shipping carriers | warehousing equipment | shipping labels | warehousing services | freight forwarding | shipping analytics | warehousing optimization | delivery tracking
Director of Merchandising,merchandising strategy | category planning | vendor selection | product development | inventory optimization | cost reduction | quality control | delivery performance | inventory forecasting | logistics planning,merchandising platform | vendor management | shipping analytics | warehousing optimization | inventory software | order management | delivery tracking | shipping carriers | warehousing equipment | freight audit
Trade Marketing Manager,trade promotions | product launches | market research | trade show events | marketing campaigns | brand awareness | advertising strategies | market analysis | customer engagement | sales growth,trade show software | advertising platforms | market research tools | event management services | crm systems | email marketing software | social media management | content creation services | influencer marketing | data analytics tools
Director of Trade Marketing,trade marketing strategy | product placement | market segmentation | trade show planning | marketing budgeting | brand positioning | advertising effectiveness | market trend analysis | customer retention | sales forecasting,trade show management | advertising agencies | market research firms | event planning services | crm software | email marketing platforms | social media advertising | content creation agencies | influencer marketing platforms | data analytics solutions
E-commerce Manager,online sales growth | e-commerce platform | digital marketing | customer experience | order fulfillment | product listings | shipping logistics | payment processing | inventory management | website optimization,e-commerce software | digital marketing tools | payment gateways | shipping carriers | inventory management systems | website analytics | search engine optimization | email marketing software | social media management | crm systems
Director of E-commerce,e-commerce strategy | digital transformation | customer engagement | online marketplaces | product development | supply chain management | order management | inventory optimization | website performance | sales analytics,e-commerce platforms | digital marketing agencies | payment processing services | shipping and logistics | inventory management software | website optimization tools | search engine marketing | email marketing platforms | social media advertising | crm solutions
Property Manager,property maintenance | tenant relations | lease agreements | property inspections | rent collection | property repairs | tenant screening | property accounting | property taxes | property insurance,property management software | tenant screening services | lease analysis tools | property inspection services | rent collection systems | property repair services | tenant communication platforms | property accounting software | property tax consulting | property insurance services
Asset Manager (Real Estate),property portfolios | real estate assets | asset valuations | market trends | investment strategies | risk management | asset allocation | financial reports | property maintenance | lease agreements,property management software | real estate platforms | market research tools | financial modeling tools | asset tracking systems | lease negotiation services | property insurance | real estate data | market analysis services | asset valuation services
Director of Property Management,property operations | tenant relations | lease compliance | property maintenance | space planning | move-in processes | property inspections | repair requests | tenant communication | property standards,property management software | lease negotiation services | tenant screening services | property insurance | real estate data | market analysis services | property valuation services | space planning tools | move-in management software | repair management services
Director of Asset Management,asset valuations | investment strategies | risk management | asset allocation | financial reports | property maintenance | lease agreements | market trends | asset tracking | portfolio optimization,asset tracking systems | market research tools | financial modeling tools | lease negotiation services | property insurance | real estate data | market analysis services | asset valuation services | property valuation services | risk management software
Real Estate Manager,property operations | lease compliance | property maintenance | space planning | move-in processes | property inspections | repair requests | tenant communication | property standards | asset tracking,property management software | lease negotiation services | tenant screening services | property insurance | real estate data | market analysis services | property valuation services | space planning tools | move-in management software | repair management services
Director General,strategic planning | organizational structure | policy development | executive leadership | team management | communication strategies | stakeholder engagement | reputation management | brand development | corporate governance,executive coaching services | leadership development programs | communication strategy tools | reputation management software | brand management services | corporate governance software | policy development tools | stakeholder engagement services | organizational structure tools | executive recruitment services
Deputy Director General,company strategy | executive leadership | global operations | regional management | business development | market analysis | financial planning | team management | performance metrics | organizational change,CRM software | project management tools | cloud infrastructure | recruitment tools | HR services | market research | financial analysis software | collaboration platforms | cybersecurity services | data analytics
Secretary General,diplomatic relations | international cooperation | global governance | policy development | multilateral agreements | conflict resolution | diplomatic protocol | international law | global security | human rights,diplomatic training | international travel | conference services | translation services | diplomatic software | global intelligence | security services | diplomatic gifts | protocol services | international media
Deputy Minister,government policy | ministerial support | legislative affairs | regulatory compliance | public administration | policy implementation | government relations | ministerial briefings | legislative analysis | government oversight,legislative tracking software | government relations services | policy analysis tools | regulatory consulting | public affairs services | government intelligence | lobbying services | legislative counsel | government media relations | policy research
Commissioner,regulatory oversight | industry compliance | market monitoring | regulatory enforcement | industry standards | market analysis | regulatory policy | industry development | market research | regulatory change,regulatory software | market research tools | industry intelligence | regulatory consulting | market analysis software | industry tracking services | regulatory compliance services | market data services | industry media relations | regulatory affairs services
Superintendent,school administration | educational leadership | student management | school operations | teacher support | student discipline | school safety | student services | school finance | educational policy,student information systems | educational software | school security services | teacher training services | student tracking tools | school media services | educational consulting | student data analytics | school infrastructure | educational research tools
Bureau Chief,news coverage | editorial direction | media relations | story development | reporter management | broadcast production | journalistic standards | content strategy | public affairs | media outreach,video editing software | newsroom management | media monitoring tools | broadcast equipment | public relations services | media training | press release distribution | media analytics | news aggregation platform | media research database
Department Head,program development | faculty supervision | curriculum design | department budgeting | staff management | research initiatives | grant writing | student advising | department marketing | academic policy,learning management system | departmental software | faculty development programs | research funding | departmental equipment | academic publishing services | departmental marketing materials | research collaboration tools | faculty recruitment services | departmental database
Provost,academic oversight | campus operations | budget management | faculty evaluation | student affairs | campus safety | academic policy | faculty development | campus marketing | student success,campus management software | academic publishing | campus security systems | faculty development programs | campus facilities | academic research funding | campus marketing materials | student information system | campus infrastructure | academic accreditation services
Dean,academic leadership | faculty supervision | program development | department budgeting | student advising | research initiatives | grant writing | campus operations | academic policy | student success,learning management system | departmental software | faculty development programs | research funding | campus facilities | academic publishing services | campus marketing materials | research collaboration tools | faculty recruitment services | departmental database
Associate Dean,academic support | faculty supervision | program development | department budgeting | student advising | research initiatives | grant writing | campus operations | academic policy | student success,learning management system | departmental software | faculty development programs | research funding | campus facilities | academic publishing services | campus marketing materials | research collaboration tools | faculty recruitment services | departmental database
Department Chair,department operations | faculty management | curriculum development | budget oversight | committee leadership | academic policies | staff supervision | student advising | program evaluation | campus events,campus software | HR tools | communication platforms | event management equipment | recruitment materials | academic journals | professional development courses | conference attendance | travel expenses | office supplies
Director of Admissions,admissions processes | applicant review | application management | counselor supervision | student outreach | recruitment strategies | yield analysis | admissions data | campus tours | enrollment goals,admissions software | recruitment platforms | travel expenses | event registration tools | communication equipment | student database | marketing materials | advertising services | campus tours equipment | recruitment agency fees
Director of Enrollment,enrollment management | student retention | yield analysis | admissions data | enrollment strategies | student outreach | recruitment processes | admissions policies | enrollment goals | campus events,enrollment software | recruitment platforms | admissions consulting services | travel expenses | event registration tools | communication equipment | student database | marketing materials | advertising services | campus tours equipment
Chief Academic Officer,academic programs | curriculum development | faculty management | academic policies | program evaluation | campus events | student advising | staff supervision | budget oversight | committee leadership,academic journals | professional development courses | conference attendance | travel expenses | office supplies | campus software | HR tools | communication platforms | event management equipment | recruitment materials
Superintendent of Schools,school operations | district policies | budget management | staff supervision | student achievement | program evaluation | campus events | community outreach | school safety | facilities management,school software | HR tools | communication platforms | event management equipment | recruitment materials | professional development courses | conference attendance | travel expenses | office supplies | campus security systems
Principal,company strategy | financial oversight | project management | team leadership | budget planning | resource allocation | performance metrics | risk assessment | compliance monitoring | regulatory affairs,CRM software | project management tools | cloud infrastructure | recruitment tools | HR services | legal counsel | market research | data analytics | cybersecurity solutions | office equipment
Editor in Chief,editorial direction | content strategy | publication planning | team coordination | writer management | article review | proofreading | layout design | publication schedule | content calendar,content management system | writing software | design tools | printing services | distribution network | marketing materials | advertising campaigns | social media management | email marketing | event planning
Executive Editor,editorial oversight | content development | writer guidance | article editing | proofreading | layout design | publication planning | team management | content strategy | publication schedule,writing software | content management system | design tools | printing services | distribution network | marketing materials | advertising campaigns | social media management | email marketing | event planning
Managing Editor,editorial management | content planning | writer coordination | article review | proofreading | layout design | publication planning | team support | content calendar | publication schedule,content management system | writing software | design tools | printing services | distribution network | marketing materials | advertising campaigns | social media management | email marketing | recruitment tools
Editorial Director,editorial vision | content strategy | writer guidance | article editing | proofreading | layout design | publication planning | team leadership | content calendar | publication schedule,content management system | writing software | design tools | printing services | distribution network | marketing materials | advertising campaigns | social media management | email marketing | HR services
Publisher,content creation | media distribution | advertising sales | print production | digital publishing | editorial management | distribution networks | print media | digital content | media strategy,printing equipment | distribution software | advertising platforms | content management | digital tools | media analytics | print machinery | distribution services | content delivery | media monitoring
Founding Head of Sales,sales strategy | customer acquisition | revenue growth | sales forecasting | customer engagement | sales performance | sales metrics | customer retention | sales training | sales pipeline,CRM software | sales analytics | customer data | sales tools | marketing automation | sales enablement | sales platforms | customer relationship | sales intelligence | sales optimization
Founding Account Executive,account management | customer relationships | sales execution | customer success | sales performance | account growth | customer engagement | sales strategy | customer retention | sales metrics,sales software | customer data | sales tools | marketing automation | sales enablement | sales platforms | customer relationship | sales intelligence | sales optimization | sales analytics
Founding Head of Marketing,marketing strategy | brand awareness | lead generation | customer engagement | marketing performance | brand management | marketing metrics | customer acquisition | marketing automation | brand identity,marketing software | advertising platforms | content management | digital tools | marketing analytics | branding services | marketing automation | content delivery | marketing intelligence | brand monitoring
Founding Head of Product,product development | product management | product launch | product roadmap | product strategy | product design | product testing | product iteration | product quality | product delivery,product design software | product development tools | product testing equipment | product management software | product analytics | product data | product intelligence | product optimization | product monitoring | product feedback
Founding Engineer,software architecture | product development | engineering team | technical roadmap | codebase management | infrastructure setup | system design | release management | quality assurance | engineering process,IDE software | version control | cloud infrastructure | testing tools | project management | engineering equipment | development platforms | collaboration tools | cybersecurity services | data analytics
Senior Sales Development Representative,sales strategy | customer outreach | lead generation | sales pipeline | account management | sales forecasting | customer engagement | sales process | sales analytics | customer insights,CRM software | sales intelligence | marketing automation | customer relationship | sales enablement | data analytics | sales training | customer support | sales tools | sales platform
Senior Business Development Representative,business development | partnerships growth | market research | business strategy | market analysis | business planning | market entry | business expansion | market development | business insights,market research tools | business intelligence | market analysis software | business development services | partnership management | market entry strategy | business expansion tools | market development services | business planning software | market insights
Lead Sales Development Representative,sales outreach | lead qualification | sales engagement | sales conversion | customer interaction | sales process | sales analytics | customer insights | sales forecasting | sales strategy,sales intelligence | CRM software | sales enablement | data analytics | sales training | customer support | sales tools | sales platform | marketing automation | sales development
Lead Business Development Representative,business growth | partnerships development | market expansion | business strategy | market analysis | business planning | market entry | business expansion | market development | business insights,business development services | market research tools | business intelligence | market analysis software | partnership management | market entry strategy | business expansion tools | market development services | business planning software | market insights
Pre-Sales Engineer,technical support | product demos | solution design | customer needs | sales process | product knowledge | technical requirements | solution architecture | customer engagement | sales strategy,sales software | product development | customer relationship | technical training | sales tools | product launch | customer support | sales enablement | product management | technical infrastructure
Senior Pre-Sales Engineer,complex solutions | technical expertise | customer advocacy | sales enablement | product knowledge | technical requirements | solution design | customer engagement | sales strategy | technical support,technical training | sales software | product development | customer relationship | sales tools | product launch | customer support | sales enablement | product management | technical infrastructure
Pre-Sales Consultant,customer insights | sales strategy | product knowledge | solution design | customer needs | sales process | technical requirements | solution architecture | customer engagement | sales support,sales software | product development | customer relationship | technical training | sales tools | product launch | customer support | sales enablement | product management | customer data
Senior Pre-Sales Consultant,strategic partnerships | complex solutions | technical expertise | customer advocacy | sales enablement | product knowledge | technical requirements | solution design | customer engagement | sales strategy,technical training | sales software | product development | customer relationship | sales tools | product launch | customer support | sales enablement | product management | customer intelligence
Pre-Sales Manager,sales performance | team management | sales strategy | product knowledge | solution design | customer needs | sales process | technical requirements | solution architecture | customer engagement,sales software | product development | customer relationship | technical training | sales tools | product launch | customer support | sales enablement | product management | sales analytics
Director of Pre-Sales,pre-sales strategy | sales forecasting | customer engagement | sales pipeline | sales performance | sales metrics | sales analysis | sales reporting | sales optimization | sales growth,CRM software | sales enablement tools | sales analytics platform | sales intelligence platform | sales automation software | sales forecasting tool | customer relationship platform | sales performance management | sales data analytics | sales productivity tools
Head of Pre-Sales,pre-sales strategy | sales forecasting | customer engagement | sales pipeline | sales performance | sales metrics | sales analysis | sales reporting | sales optimization | sales growth,sales enablement platform | sales analytics software | sales intelligence tools | sales automation platform | sales forecasting system | customer relationship management | sales performance management | sales data analytics | sales productivity software | sales engagement tools
Vice President of Pre-Sales,pre-sales strategy | sales forecasting | customer engagement | sales pipeline | sales performance | sales metrics | sales analysis | sales reporting | sales optimization | sales growth,CRM software | sales enablement tools | sales analytics platform | sales intelligence platform | sales automation software | sales forecasting tool | customer relationship platform | sales performance management | sales data analytics | sales productivity tools
Pre-Sales Solutions Architect,solution architecture | sales solutions | customer engagement | sales pipeline | sales performance | sales metrics | sales analysis | sales reporting | sales optimization | sales growth,sales enablement platform | sales analytics software | sales intelligence tools | sales automation platform | sales forecasting system | customer relationship management | sales performance management | sales data analytics | sales productivity software | sales engagement tools
Revenue Operations Analyst,revenue operations | sales analysis | customer engagement | sales pipeline | sales performance | sales metrics | sales reporting | sales optimization | sales growth | sales forecasting,sales analytics platform | sales intelligence tools | sales automation software | sales forecasting tool | customer relationship platform | sales performance management | sales data analytics | sales productivity tools | sales engagement software | sales enablement platform
Sales Operations Analyst,sales pipeline | customer data | sales strategy | revenue growth | sales forecasting | sales performance | sales metrics | sales reporting | sales analytics | sales optimization,CRM software | sales enablement | sales training | sales automation | sales intelligence | sales tools | sales platform | sales analytics | sales data | sales insights
Marketing Operations Analyst,marketing campaigns | customer engagement | marketing strategy | brand awareness | lead generation | marketing metrics | marketing reporting | marketing analytics | marketing optimization | marketing performance,marketing automation | email marketing | social media | content management | marketing analytics | marketing data | marketing platform | advertising spend | marketing software | SEO tools
Business Operations Analyst,business strategy | process improvement | operational efficiency | cost reduction | business performance | business metrics | business reporting | business analytics | business optimization | business growth,ERP software | business intelligence | project management | collaboration tools | business platform | business analytics | data visualization | business software | business intelligence | workflow automation
Go-to-Market Analyst,go-to-market strategy | product launch | market analysis | competitive analysis | market research | market insights | market trends | market intelligence | market positioning | market entry,market research | competitive intelligence | market analysis | market insights | market trends | market intelligence | market data | market platform | market software | market analytics
Head of Customer Success,customer success | customer experience | customer retention | customer satisfaction | customer engagement | customer feedback | customer insights | customer analytics | customer optimization | customer growth,customer success platform | customer experience software | customer feedback tools | customer analytics | customer intelligence | customer data | customer insights | customer platform | customer software | customer success tools
Customer Success Manager,customer base | success metrics | customer needs | onboarding process | customer feedback | retention strategies | customer growth | success team | customer satisfaction | account management,CRM software | customer support | training programs | recruitment tools | performance metrics | customer data | success platform | customer insights | account management | sales tools
Senior Customer Success Manager,senior customer | success strategy | customer growth | success team lead | customer satisfaction | account management | customer needs | success metrics | customer feedback | retention plans,success platform | customer support | training programs | CRM software | performance metrics | customer data | recruitment tools | sales tools | customer insights | account management
Enterprise Customer Success Manager,enterprise customer | success strategy | customer growth | success team lead | customer satisfaction | account management | customer needs | success metrics | customer feedback | retention plans,success platform | customer support | training programs | CRM software | performance metrics | customer data | recruitment tools | sales tools | customer insights | cloud infrastructure
Strategic Customer Success Manager,strategic customer | success strategy | customer growth | success team lead | customer satisfaction | account management | customer needs | success metrics | customer feedback | retention plans,success platform | customer support | training programs | CRM software | performance metrics | customer data | recruitment tools | sales tools | customer insights | market research
Customer Success Director,customer success | director role | success strategy | customer growth | success team lead | customer satisfaction | account management | customer needs | success metrics | retention plans,success platform | customer support | training programs | CRM software | performance metrics | customer data | recruitment tools | sales tools | customer insights | executive coaching
Customer Success Lead,customer base | success metrics | customer health | onboarding process | customer journey | retention rates | customer feedback | success strategies | customer satisfaction | account growth,CRM software | customer support tools | training programs | account management platform | data analytics | customer relationship management | success metrics software | customer engagement platform | account management training | customer success platform
Vice President of Account Management,account growth | client relationships | account strategy | account management | client satisfaction | account development | client engagement | account planning | client retention | account performance,account management platform | CRM software | data analytics | customer relationship management | success metrics software | account management training | customer engagement platform | account development tools | client onboarding software | account management consulting
Head of Account Management,account growth | client relationships | account strategy | account management | client satisfaction | account development | client engagement | account planning | client retention | account performance,account management platform | CRM software | data analytics | customer relationship management | success metrics software | account management training | customer engagement platform | account development tools | client onboarding software | account management consulting
Director of Account Management,account growth | client relationships | account strategy | account management | client satisfaction | account development | client engagement | account planning | client retention | account performance,account management platform | CRM software | data analytics | customer relationship management | success metrics software | account management training | customer engagement platform | account development tools | client onboarding software | account management consulting
Growth Marketing Manager,growth strategies | marketing campaigns | customer acquisition | brand awareness | lead generation | marketing performance | customer engagement | marketing channels | customer retention | marketing analytics,marketing automation software | SEO tools | social media management | email marketing platform | content management system | paid advertising | marketing analytics software | customer relationship management | lead generation software | marketing automation platform
Senior Growth Marketing Manager,growth strategy | market analysis | customer acquisition | brand awareness | digital marketing | campaign optimization | advertising channels | target audience | market research | performance metrics,SEO software | paid advertising | social media tools | content creation | email marketing | influencer marketing | marketing automation | data analytics | customer insights | ad spend management
Search Engine Optimization Manager,SEO strategy | search rankings | keyword research | link building | content optimization | technical SEO | mobile usability | page speed | local SEO | online visibility,SEO audit tools | keyword research software | link building services | content creation | SEO plugins | website optimization | mobile app development | page speed optimization | local listings | online reputation management
Paid Media Manager,advertising campaigns | media planning | budget allocation | target audience | ad creative | media buying | advertising channels | performance metrics | return on ad spend | media optimization,paid advertising | media buying services | advertising software | media planning tools | budget management | ad creative development | media optimization | ad spend management | performance metrics | media analytics
Paid Search Manager,search campaigns | ad copywriting | keyword targeting | bid management | quality score | ad extensions | landing page optimization | conversion rate | cost per acquisition | return on ad spend,paid search software | ad copywriting services | keyword research tools | bid management software | quality score optimization | ad extensions development | landing page optimization | conversion rate optimization | cost per acquisition management | return on ad spend analysis
Paid Social Manager,social media campaigns | content creation | target audience | ad creative | social media advertising | influencer marketing | brand awareness | engagement metrics | social media optimization | return on ad spend,social media advertising | influencer marketing services | content creation tools | social media management software | ad creative development | social media analytics | engagement metrics | social media optimization | return on ad spend analysis | social media budget management
Email Marketing Manager,email campaigns | marketing automation | email lists | lead generation | email templates | campaign tracking | email analytics | marketing strategy | email deliverability | customer engagement,email software | marketing automation | email service provider | lead generation tools | email template builder | email tracking software | customer data platform | email deliverability tools | marketing analytics software | customer segmentation
Lifecycle Marketing Manager,customer journeys | marketing automation | customer segments | lead scoring | customer engagement | marketing strategy | customer lifecycle | customer retention | customer acquisition | customer experience,marketing automation | customer data platform | customer journey mapping | lead scoring software | customer segmentation tools | customer experience software | customer retention tools | customer acquisition software | customer analytics | customer feedback tools
Field Marketing Manager,trade shows | event marketing | field events | lead generation | event logistics | event marketing | trade show booths | event promotion | event planning | event analytics,event management software | trade show booths | event marketing tools | lead generation tools | event promotion software | event planning software | event analytics tools | trade show registration | event staffing services | event logistics tools
Director of Field Marketing,field marketing strategy | event marketing | trade shows | lead generation | event logistics | field events | event marketing | trade show booths | event promotion | event planning,event management software | trade show booths | event marketing tools | lead generation tools | event promotion software | event planning software | event analytics tools | trade show registration | event staffing services | event logistics tools
Head of Field Marketing,field marketing strategy | event marketing | trade shows | lead generation | event logistics | field events | event marketing | trade show booths | event promotion | event planning,event management software | trade show booths | event marketing tools | lead generation tools | event promotion software | event planning software | event analytics tools | trade show registration | event staffing services | event logistics tools
Vice President of Field Marketing,market strategy | field teams | event planning | trade shows | product launches | brand awareness | customer engagement | event execution | marketing campaigns | field operations,event software | trade show booths | marketing automation | email marketing | social media tools | event management | crm software | lead generation | data analytics | event registration
Event Marketing Manager,event planning | trade shows | product launches | brand awareness | customer engagement | event execution | marketing campaigns | field operations | event logistics | sponsorships,event software | trade show booths | marketing automation | email marketing | social media tools | event management | crm software | lead generation | data analytics | event registration
Director of Events,event planning | trade shows | product launches | brand awareness | customer engagement | event execution | marketing campaigns | event logistics | sponsorships | event budgeting,event software | trade show booths | marketing automation | email marketing | social media tools | event management | crm software | lead generation | data analytics | event registration
Head of Events,event planning | trade shows | product launches | brand awareness | customer engagement | event execution | marketing campaigns | event logistics | sponsorships | event management,event software | trade show booths | marketing automation | email marketing | social media tools | event management | crm software | lead generation | data analytics | event registration
Partner Marketing Manager,partner development | marketing campaigns | brand awareness | customer engagement | event execution | partner relationships | marketing strategy | partner operations | event logistics | partner budgeting,partner software | marketing automation | email marketing | social media tools | crm software | lead generation | data analytics | partner management | event registration | partner engagement
Director of Partner Marketing,partner strategy | marketing plans | customer engagement | partner relationships | business growth | marketing channels | customer acquisition | partner development | marketing campaigns | customer insights,partner software | marketing automation | customer data | partner platforms | marketing tools | customer intelligence | partner management | marketing analytics | customer experience | partner engagement
Customer Marketing Manager,customer campaigns | marketing analytics | customer insights | marketing channels | customer engagement | marketing plans | customer data | customer experience | marketing automation | customer acquisition,customer intelligence | marketing tools | customer data platforms | customer experience software | marketing automation | customer insights tools | customer engagement platforms | marketing analytics software | customer journey mapping | customer feedback tools
Director of Customer Marketing,customer strategy | marketing plans | customer engagement | customer relationships | business growth | customer acquisition | customer experience | customer insights | marketing campaigns | customer feedback,customer intelligence | customer data platforms | customer experience software | customer insights tools | customer engagement platforms | marketing analytics software | customer journey mapping | customer feedback tools | customer data management | customer analytics
Revenue Marketing Manager,revenue growth | marketing channels | customer acquisition | revenue marketing | business growth | revenue strategy | customer engagement | revenue planning | marketing campaigns | revenue insights,revenue management software | marketing automation | customer data platforms | revenue analytics tools | customer experience software | revenue intelligence platforms | marketing tools | revenue forecasting | customer journey mapping | revenue optimization
Director of Revenue Marketing,revenue strategy | marketing plans | revenue growth | customer engagement | revenue marketing | business growth | revenue channels | customer acquisition | revenue experience | revenue insights,revenue management software | marketing automation | customer data platforms | revenue analytics tools | customer experience software | revenue intelligence platforms | marketing tools | revenue forecasting | customer journey mapping | revenue optimization
Head of Revenue Marketing,revenue growth | marketing strategy | brand awareness | customer engagement | lead generation | sales funnel | market research | advertising campaigns | customer acquisition | retention tactics,marketing automation | advertising platforms | email software | social media tools | customer relationship | data analytics | content management | SEO services | influencer marketing | event planning
Data Engineer,data pipelines | database schema | data models | data integration | data quality | data architecture | data governance | data security | data visualization | data warehousing,data software | database tools | data analytics | cloud infrastructure | data platforms | data storage | data security software | data integration tools | data governance software | data visualization tools
Senior Data Engineer,large-scale data | complex data models | data architecture design | data governance frameworks | data security protocols | data integration strategies | data quality metrics | data visualization dashboards | data warehousing solutions | data pipeline optimization,enterprise data software | high-performance database tools | data analytics platforms | cloud infrastructure services | data integration software | data governance tools | data security solutions | data visualization platforms | data storage solutions | data management software
Analytics Engineer,business analytics | data insights | analytical models | data visualization | business intelligence | data analysis | data mining | predictive analytics | data science | business metrics,business intelligence software | data analytics tools | data visualization platforms | data mining software | predictive analytics platforms | data science tools | business metrics software | data integration tools | data governance software | cloud infrastructure services
Senior Analytics Engineer,advanced analytics | complex data analysis | data science frameworks | business intelligence strategies | data visualization best practices | data governance frameworks | predictive analytics models | data mining techniques | business metrics dashboards | data warehousing solutions,enterprise analytics software | high-performance data analytics tools | data science platforms | business intelligence tools | data governance solutions | predictive analytics software | data mining platforms | business metrics tools | data visualization software | cloud infrastructure services
Business Intelligence Analyst,business insights | data analysis | business metrics | data visualization | business intelligence | data reporting | data dashboards | business performance | data quality | business strategy,business intelligence software | data analytics tools | data visualization platforms | data reporting tools | data dashboards software | business performance metrics software | data quality tools | business strategy software | cloud infrastructure services | data governance tools
Business Intelligence Developer,data models | business insights | reporting tools | data visualizations | dashboard designs | data integration | data quality | data governance | data security | data analytics,data platforms | business intelligence tools | data storage | data analytics software | data visualization tools | cloud infrastructure | data security solutions | data governance software | data quality tools | data integration platforms
Business Intelligence Engineer,data pipelines | business intelligence | reporting systems | data architectures | data governance | data security | data integration | data quality | data analytics | data visualization,data integration tools | business intelligence software | data storage solutions | data analytics platforms | data visualization tools | cloud infrastructure services | data security software | data governance platforms | data quality solutions | data management tools
Quantitative Researcher,quantitative models | financial analysis | market research | economic data | financial insights | market trends | financial forecasting | economic indicators | financial data | market analysis,financial software | market research tools | economic data platforms | financial analytics software | market intelligence services | financial modeling tools | economic forecasting solutions | financial data storage | market research platforms | financial consulting services
Research Analyst,research reports | market analysis | data insights | research findings | market trends | research data | market intelligence | research methods | data analysis | research recommendations,market research tools | research software | data analytics platforms | market intelligence services | research consulting services | data visualization tools | research data storage | market research platforms | research management tools | data quality solutions
Data Scientist,data analysis | machine learning | data insights | data visualization | data modeling | data governance | data security | data quality | data integration | data analytics,data analytics software | machine learning tools | data storage solutions | data visualization platforms | data governance software | data security solutions | data quality tools | data integration platforms | data management software | data science platforms
Senior Data Scientist,data insights | predictive models | statistical analysis | data visualization | machine learning | data mining | algorithm development | data integration | data quality | data governance,data analytics software | machine learning tools | data storage solutions | cloud infrastructure | data security services | data integration platforms | data governance frameworks | data quality tools | statistical analysis software | data visualization platforms
Machine Learning Engineer,machine learning | algorithm development | data integration | data quality | data governance | predictive models | data visualization | statistical analysis | data mining | data insights,machine learning tools | data analytics software | cloud infrastructure | data security services | data integration platforms | data governance frameworks | data quality tools | statistical analysis software | data visualization platforms | data storage solutions
Senior Machine Learning Engineer,algorithm development | data integration | data quality | data governance | predictive models | data visualization | statistical analysis | data mining | data insights | machine learning,machine learning tools | data analytics software | cloud infrastructure | data security services | data integration platforms | data governance frameworks | data quality tools | statistical analysis software | data visualization platforms | data storage solutions
Artificial Intelligence Engineer,artificial intelligence | algorithm development | data integration | data quality | data governance | predictive models | data visualization | statistical analysis | data mining | machine learning,AI software | machine learning tools | data analytics software | cloud infrastructure | data security services | data integration platforms | data governance frameworks | data quality tools | statistical analysis software | data visualization platforms
Senior Artificial Intelligence Engineer,algorithm development | data integration | data quality | data governance | predictive models | data visualization | statistical analysis | data mining | machine learning | artificial intelligence,AI software | machine learning tools | data analytics software | cloud infrastructure | data security services | data integration platforms | data governance frameworks | data quality tools | statistical analysis software | data visualization platforms
Financial Analyst,financial reports | budget analysis | forecasting models | financial data | accounting standards | financial metrics | cash flow | financial projections | financial statements | financial trends,financial software | accounting tools | data analytics | cloud infrastructure | recruitment tools | HR services | training programs | productivity software | project management | collaboration platform
Senior Financial Analyst,complex financial models | advanced budget analysis | strategic forecasting | financial strategy | financial performance | financial risk | financial planning | financial governance | financial compliance | financial optimization,advanced financial software | data visualization tools | machine learning | cloud security | cybersecurity services | IT consulting | business intelligence | data warehousing | predictive analytics | big data platform
Finance Business Partner,business partnership | financial strategy | financial planning | financial analysis | financial reporting | financial metrics | financial performance | financial governance | financial compliance | financial optimization,financial software | accounting tools | data analytics | cloud infrastructure | recruitment tools | HR services | training programs | productivity software | project management | collaboration platform
Financial Planning and Analysis Analyst,financial planning | financial analysis | budgeting models | forecasting models | financial data | financial metrics | financial performance | financial governance | financial compliance | financial optimization,financial software | accounting tools | data analytics | cloud infrastructure | recruitment tools | HR services | training programs | productivity software | project management | collaboration platform
Corporate Development Analyst,corporate strategy | merger analysis | acquisition planning | financial modeling | market research | competitive analysis | industry trends | market intelligence | financial due diligence | strategic planning,market research tools | competitive intelligence | industry reports | market analysis software | financial modeling software | data analytics | cloud infrastructure | cybersecurity services | IT consulting | business intelligence
Investment Analyst,financial reports | market trends | investment strategy | portfolio analysis | risk assessment | return on investment | capital allocation | asset management | investment decisions | funding options,financial software | market data | investment platforms | CRM tools | data analytics | cloud infrastructure | recruitment tools | legal counsel | accounting services | tax consulting
Private Equity Analyst,private equity deals | portfolio performance | exit strategies | valuation analysis | due diligence | investment opportunities | capital structure | ownership stakes | financial modeling | exit planning,private equity software | valuation tools | financial modeling | data analytics | cloud infrastructure | recruitment tools | legal counsel | accounting services | tax consulting | market research
Venture Capital Analyst,venture capital deals | portfolio growth | investment thesis | market analysis | competitive landscape | investment opportunities | capital allocation | risk assessment | return on investment | funding rounds,venture capital software | market research | data analytics | cloud infrastructure | recruitment tools | legal counsel | accounting services | tax consulting | financial modeling | CRM tools
Systems Administrator,system maintenance | network security | infrastructure management | system upgrades | backup procedures | data recovery | system monitoring | incident response | system optimization | technical support,IT software | network equipment | cloud infrastructure | security tools | backup services | data storage | recruitment tools | training services | certification programs | industry publications
Senior Systems Administrator,advanced system maintenance | complex network security | strategic infrastructure management | large-scale system upgrades | disaster recovery | system scalability | system performance tuning | technical leadership | system architecture | IT strategy,enterprise software | high-end network equipment | cloud infrastructure | advanced security tools | disaster recovery services | data storage solutions | recruitment tools | training services | certification programs | industry research
Network Engineer,network infrastructure | network security | router configuration | switch management | firewall setup | network protocols | cable installation | network monitoring | traffic analysis | system integration,network equipment | cable management | router software | switch platforms | firewall services | network monitoring tools | cable testing equipment | network simulation software | traffic analysis tools | system integration services
Senior Network Engineer,complex network design | high availability | network optimization | security compliance | network scalability | system integration | network monitoring | traffic analysis | network performance | infrastructure upgrade,network simulation software | cable management systems | router platforms | switch equipment | firewall services | network monitoring tools | traffic analysis software | system integration services | network optimization tools | infrastructure upgrade services
IT Analyst,system analysis | process improvement | data analysis | system integration | business intelligence | system monitoring | data visualization | system optimization | infrastructure upgrade | system security,business intelligence software | data analysis tools | system monitoring platforms | data visualization tools | system optimization services | infrastructure upgrade services | system security software | business process management tools | system integration services | data management platforms
Senior IT Analyst,strategic planning | system optimization | business process improvement | data management | system security | infrastructure upgrade | system integration | business intelligence | system monitoring | data analysis,business intelligence software | data management platforms | system security services | infrastructure upgrade services | system integration services | business process management tools | system optimization software | data analysis tools | system monitoring platforms | business strategy consulting
IT Business Partner,business strategy | system integration | business process improvement | data analysis | system security | infrastructure upgrade | system monitoring | business intelligence | system optimization | data management,business strategy consulting | system integration services | business process management tools | data analysis software | system security software | infrastructure upgrade services | system monitoring platforms | business intelligence tools | system optimization services | data management platforms
Systems Engineer,system architecture | infrastructure design | network configuration | hardware setup | software deployment | system integration | network security | system maintenance | infrastructure management | system testing,network equipment | server hardware | cloud infrastructure | software tools | network monitoring | security services | IT consulting | data storage | network analytics | system software
Senior Systems Engineer,complex system architecture | advanced infrastructure design | high-level network configuration | large-scale hardware setup | complex software deployment | highly integrated system | advanced network security | complex system maintenance | large-scale infrastructure management | highly tested system,high-end network equipment | enterprise server hardware | large-scale cloud infrastructure | advanced software tools | network monitoring services | high-level security services | IT consulting services | large-scale data storage | advanced network analytics | highly specialized system software
Database Administrator,database design | data modeling | database security | data backup | database performance | data recovery | database maintenance | data integrity | database scalability | data compliance,database software | data storage solutions | security services | backup and recovery tools | database performance monitoring | data analytics software | database management services | data governance tools | database security services | data compliance software
Cloud Engineer,cloud infrastructure | cloud deployment | cloud security | cloud migration | cloud scalability | cloud performance | cloud maintenance | cloud management | cloud integration | cloud testing,cloud infrastructure services | cloud software tools | cloud security services | cloud migration tools | cloud scalability solutions | cloud performance monitoring | cloud analytics software | cloud management services | cloud integration services | cloud testing tools
Senior Cloud Engineer,complex cloud infrastructure | high-level cloud deployment | advanced cloud security | large-scale cloud migration | highly scalable cloud | high-performance cloud | complex cloud maintenance | large-scale cloud management | highly integrated cloud | highly tested cloud,high-end cloud infrastructure services | enterprise cloud software tools | advanced cloud security services | large-scale cloud migration tools | highly scalable cloud solutions | high-performance cloud monitoring | advanced cloud analytics software | large-scale cloud management services | highly specialized cloud integration services | highly advanced cloud testing tools
DevOps Engineer,infrastructure management | system deployment | release automation | continuous integration | continuous deployment | application monitoring | incident response | change management | service reliability | environment setup,CI tools | CD software | cloud infrastructure | monitoring platforms | security services | IT equipment | collaboration tools | version control | API gateways | backup services
Senior DevOps Engineer,infrastructure optimization | system scalability | release orchestration | continuous delivery | application resilience | incident recovery | change governance | service availability | environment maintenance | performance tuning,CI/CD software | cloud migration | monitoring platforms | security audits | IT consulting | collaboration tools | version control | API gateways | backup services | disaster recovery
Site Reliability Engineer,system reliability | application uptime | incident response | change management | service availability | environment setup | performance monitoring | error analysis | solution deployment | system maintenance,monitoring platforms | security services | IT equipment | collaboration tools | version control | API gateways | backup services | disaster recovery | cloud infrastructure | networking tools
Security Engineer,security protocols | access control | threat analysis | incident response | compliance management | risk assessment | security testing | vulnerability management | security audits | policy enforcement,security software | IT consulting | security services | compliance tools | risk management | security training | penetration testing | incident response | security equipment | forensic analysis
Senior Security Engineer,security architecture | access governance | threat intelligence | incident recovery | compliance governance | risk mitigation | security strategy | vulnerability remediation | security compliance | policy development,security software | IT consulting | security services | compliance tools | risk management | security training | penetration testing | incident response | security equipment | cybersecurity platforms
Cybersecurity Analyst,network security | threat analysis | incident response | vulnerability assessment | compliance checks | security audits | risk management | cyber threats | data protection | security protocols,firewall software | antivirus tools | security platforms | cybersecurity services | network equipment | security training | compliance software | incident response tools | security consulting | cybersecurity frameworks
Senior Cybersecurity Analyst,advanced threat analysis | security strategy | incident response plans | vulnerability management | compliance reporting | security assessments | risk mitigation | cyber threat intelligence | data security | security governance,advanced threat protection | security information systems | cybersecurity consulting | incident response software | vulnerability scanning tools | compliance management software | security awareness training | cybersecurity frameworks | security orchestration | threat intelligence platforms
Identity and Access Management Engineer,identity management | access control systems | user authentication | authorization protocols | identity governance | access management | identity and access | security policies | access control | identity verification,identity management software | access control systems | single sign-on solutions | multi-factor authentication | identity and access management | access governance tools | identity verification services | access control hardware | identity management platforms | security access management
General Counsel,corporate governance | legal compliance | contract review | regulatory affairs | litigation management | legal strategy | corporate risk | legal advice | compliance reporting | corporate law,legal counsel services | contract management software | regulatory compliance tools | litigation support services | corporate governance software | compliance management platforms | legal research tools | regulatory affairs consulting | litigation management software | corporate law firms
Deputy General Counsel,corporate governance | legal oversight | regulatory affairs | litigation management | legal strategy | corporate risk | compliance reporting | legal advice | contract review | corporate law,legal counsel services | contract management software | regulatory compliance tools | litigation support services | corporate governance software | compliance management platforms | legal research tools | regulatory affairs consulting | litigation management software | corporate law firms
Associate General Counsel,company policies | contract review | legal compliance | risk management | litigation support | regulatory affairs | compliance issues | contract negotiation | dispute resolution | corporate governance,legal counsel | contract management software | compliance tools | litigation support services | regulatory consulting | risk assessment software | dispute resolution services | contract review tools | compliance training | legal research databases
Senior Counsel,complex contracts | litigation strategy | regulatory advice | corporate governance | compliance programs | dispute resolution | contract negotiation | risk management | regulatory affairs | legal compliance,litigation support software | regulatory consulting | risk assessment tools | dispute resolution services | contract management platforms | compliance training | legal research databases | contract review tools | regulatory affairs software | compliance management systems
Counsel,contract review | legal compliance | risk management | litigation support | regulatory affairs | compliance issues | contract negotiation | dispute resolution | corporate governance | company policies,legal counsel | contract management software | compliance tools | litigation support services | regulatory consulting | risk assessment software | dispute resolution services | contract review tools | compliance training | legal research databases
Corporate Counsel,corporate governance | compliance programs | dispute resolution | contract negotiation | risk management | regulatory affairs | legal compliance | complex contracts | litigation strategy | regulatory advice,contract management platforms | compliance management systems | regulatory affairs software | compliance training | legal research databases | dispute resolution services | risk assessment tools | litigation support software | regulatory consulting | contract review tools
Associate Counsel,contract review | legal compliance | risk management | litigation support | regulatory affairs | compliance issues | contract negotiation | dispute resolution | corporate governance | company policies,legal counsel | contract management software | compliance tools | litigation support services | regulatory consulting | risk assessment software | dispute resolution services | contract review tools | compliance training | legal research databases
Legal Counsel,contract review | litigation support | compliance advice | regulatory guidance | dispute resolution | legal research | policy development | risk assessment | contract negotiation | corporate governance,legal counsel | litigation software | compliance tools | regulatory platforms | dispute resolution services | legal research databases | policy management software | risk assessment tools | contract management systems | corporate governance frameworks
Senior Legal Counsel,complex litigation | strategic guidance | compliance oversight | regulatory strategy | dispute resolution | legal innovation | policy development | risk management | contract negotiation | corporate governance,litigation software | compliance platforms | regulatory tools | dispute resolution services | legal research databases | policy management software | risk assessment tools | contract management systems | corporate governance frameworks | innovation consulting
Recruiter,candidate sourcing | talent acquisition | job posting | candidate screening | interview coordination | offer management | onboarding process | employee engagement | performance evaluation | talent development,recruitment software | talent acquisition platforms | job posting services | candidate screening tools | interview management systems | offer management software | onboarding tools | employee engagement platforms | performance evaluation tools | talent development programs
Senior Recruiter,strategic sourcing | talent pipeline | candidate development | interview coaching | offer negotiation | onboarding strategy | employee retention | performance improvement | talent forecasting | diversity initiatives,talent acquisition software | strategic sourcing platforms | candidate development tools | interview management systems | offer management software | onboarding tools | employee engagement platforms | performance evaluation tools | talent development programs | diversity and inclusion consulting
Technical Recruiter,technical sourcing | candidate assessment | skill evaluation | technical interview | candidate development | technical training | onboarding process | employee engagement | performance evaluation | talent development,technical recruitment software | candidate assessment tools | skill evaluation platforms | technical interview management systems | candidate development programs | technical training services | onboarding tools | employee engagement platforms | performance evaluation tools | talent development programs
Senior Technical Recruiter,candidate pipeline | job postings | candidate sourcing | recruitment strategy | talent acquisition | candidate experience | hiring process | candidate management | recruitment metrics | talent pipeline,recruitment software | job board subscriptions | candidate assessment tools | background check services | interview scheduling tools | candidate relationship management | talent analytics platforms | recruitment marketing tools | candidate sourcing platforms | applicant tracking systems
Human Resources Business Partner,HR initiatives | employee engagement | HR programs | HR policies | HR compliance | HR services | HR operations | HR strategy | HR metrics | HR best practices,HR software | HR consulting services | HR training programs | HR analytics platforms | HR communication tools | HR project management | HR outsourcing services | HR benchmarking tools | HR reporting software | HR data analytics
Senior Human Resources Business Partner,HR transformation | HR strategy development | HR operations management | HR program implementation | HR policy development | HR compliance management | HR service delivery | HR metrics analysis | HR best practice adoption | HR process improvement,HR transformation software | HR strategy consulting | HR operations platforms | HR project management tools | HR policy management systems | HR compliance solutions | HR service delivery platforms | HR analytics software | HR benchmarking tools | HR reporting systems
People Business Partner,employee experience | people initiatives | HR programs | people strategy | talent development | employee engagement | people operations | HR services | people metrics | HR best practices,HR software | people analytics platforms | HR consulting services | HR training programs | HR communication tools | HR project management | HR outsourcing services | HR benchmarking tools | HR reporting software | HR data analytics
Senior People Business Partner,people transformation | people strategy development | people operations management | people program implementation | people policy development | people compliance management | people service delivery | people metrics analysis | people best practice adoption | people process improvement,people transformation software | people strategy consulting | people operations platforms | people project management tools | people policy management systems | people compliance solutions | people service delivery platforms | people analytics software | people benchmarking tools | people reporting systems
Compensation and Benefits Manager,salary structures | benefit packages | compensation plans | payroll systems | benefits administration | wage compliance | employee incentives | total rewards | compensation analysis | benefits management,HR software | benefits platforms | payroll services | compensation tools | benefits administration | HR consulting | benefits communication | compensation data | benefits analytics | HR systems
Director of Compensation and Benefits,compensation strategy | benefit design | payroll management | wage compliance | total rewards | compensation analysis | benefits administration | employee incentives | salary structures | benefits management,HR software | benefits platforms | payroll services | compensation tools | benefits administration | HR consulting | benefits communication | compensation data | benefits analytics | HR systems
Head of Compensation and Benefits,compensation strategy | benefit design | payroll management | wage compliance | total rewards | compensation analysis | benefits administration | employee incentives | salary structures | benefits management,HR software | benefits platforms | payroll services | compensation tools | benefits administration | HR consulting | benefits communication | compensation data | benefits analytics | HR systems
Total Rewards Manager,total rewards | compensation plans | benefit packages | payroll systems | benefits administration | wage compliance | employee incentives | salary structures | benefits management | compensation analysis,HR software | benefits platforms | payroll services | compensation tools | benefits administration | HR consulting | benefits communication | compensation data | benefits analytics | HR systems
Director of Total Rewards,total rewards strategy | compensation design | benefit management | payroll oversight | wage compliance | employee incentives | salary structures | benefits administration | compensation analysis | benefits management,HR software | benefits platforms | payroll services | compensation tools | benefits administration | HR consulting | benefits communication | compensation data | benefits analytics | HR systems
Procurement Analyst,procurement process | supplier contracts | contract management | vendor selection | cost savings | procurement strategy | supply chain | procurement team | sourcing process | contract negotiation,procurement software | contract management tools | supplier database | sourcing platform | procurement analytics | contract review software | vendor management system | procurement consulting | sourcing tools | contract management platform
Senior Procurement Analyst,procurement optimization | contract compliance | procurement risk | vendor performance | procurement metrics | supply chain management | procurement policy | contract review | procurement reporting | sourcing strategy,procurement analytics software | contract management platform | supplier intelligence | sourcing platform | procurement consulting | vendor management system | contract review software | procurement optimization tools | sourcing tools | contract management system
Strategic Sourcing Analyst,sourcing strategy | procurement planning | vendor selection | contract negotiation | cost savings | procurement process | supply chain management | sourcing process | procurement team | contract management,sourcing platform | procurement software | contract management tools | supplier database | sourcing analytics | contract review software | vendor management system | procurement consulting | sourcing tools | contract management platform
Senior Strategic Sourcing Analyst,strategic sourcing | procurement optimization | contract compliance | vendor performance | procurement metrics | supply chain management | procurement policy | contract review | procurement reporting | sourcing strategy,sourcing analytics software | contract management platform | supplier intelligence | sourcing platform | procurement consulting | vendor management system | contract review software | procurement optimization tools | sourcing tools | contract management system
Category Analyst,category management | procurement planning | vendor selection | contract negotiation | cost savings | procurement process | supply chain management | sourcing process | procurement team | contract management,category management software | procurement software | contract management tools | supplier database | sourcing platform | procurement analytics | contract review software | vendor management system | procurement consulting | sourcing tools
Vendor Manager,vendor contracts | contract management | vendor relations | supplier network | vendor performance | contract compliance | vendor risk | contract negotiation | vendor onboarding | contract renewal,procurement software | contract management tools | vendor database | supplier intelligence | contract analytics | vendor scoring | contract workflow | vendor portal | contract repository | supplier relationship management
Supplier Relationship Manager,supplier network | vendor performance | contract compliance | vendor risk | contract negotiation | vendor onboarding | contract renewal | vendor relations | supplier intelligence | contract analytics,supplier relationship management | procurement software | contract management tools | vendor database | supplier intelligence | contract analytics | vendor scoring | contract workflow | vendor portal | contract repository
Senior Director of Marketing,marketing strategy | brand awareness | advertising campaigns | market research | customer engagement | content creation | social media | email marketing | lead generation | customer acquisition,marketing automation software | advertising platforms | content management system | email marketing tools | social media management | market research tools | customer relationship management | lead generation software | customer data platform | brand management system
Senior Director of Product Marketing,product marketing | launch strategy | product positioning | market research | customer engagement | content creation | product messaging | product launch | product promotion | customer adoption,product marketing software | launch management tools | product information management | market research tools | customer relationship management | content management system | product data analytics | product launch platform | product promotion tools | customer adoption software
Senior Director of Product,product development | product roadmap | product launch | product management | product strategy | product design | product testing | product iteration | product quality | product delivery,product development tools | product roadmap software | product launch platform | product information management | product data analytics | product design tools | product testing equipment | product iteration software | product quality management | product delivery system
Senior Director of Product Management,product roadmap | market analysis | customer feedback | feature development | release planning | product launch | market research | competitive analysis | user experience | product strategy,product design tools | UX software | project management | market research platforms | customer feedback tools | product launch services | design systems | product data analytics | product development platforms | UX research tools
Senior Director of Engineering,software development | engineering team | technical oversight | code quality | system architecture | infrastructure management | technical strategy | engineering operations | release management | technical debt,software development tools | infrastructure as code | engineering platforms | code review software | technical training services | engineering management software | cloud infrastructure | software testing tools | engineering collaboration tools | technical documentation software
Senior Director of Technology,technology strategy | infrastructure management | technical oversight | system architecture | cloud infrastructure | data security | technology operations | technical debt | system integration | technology roadmap,cloud infrastructure | data security software | infrastructure as code | technology platforms | cloud migration services | data analytics tools | technology training services | infrastructure management software | cloud security tools | technology development platforms
Senior Director of Revenue Operations,revenue growth | sales strategy | customer success | account management | sales operations | revenue forecasting | sales performance | customer engagement | revenue analysis | sales enablement,sales enablement tools | customer success platforms | sales performance software | revenue forecasting tools | sales analytics software | customer engagement tools | sales training services | revenue management software | sales operations platforms | customer data platforms
Senior Director of Business Development,business partnerships | market analysis | business strategy | partnership development | market research | business growth | partnership management | market intelligence | business development | strategic partnerships,business development tools | market research platforms | partnership management software | business intelligence software | market analysis tools | partnership development services | business growth platforms | market intelligence tools | business strategy software | partnership data analytics
Senior Director of Partnerships,partner ecosystem | business development | strategic alliances | client relationships | growth strategy | market expansion | joint ventures | collaboration models | industry partnerships | business growth,CRM software | sales enablement tools | event management services | travel expenses | market research reports | industry publications | conference attendance | business intelligence software | data analytics platforms | marketing automation
Senior Director of Growth,growth strategy | market expansion | business growth | customer acquisition | revenue growth | market share | competitive analysis | market trends | business development | expansion plans,digital marketing platforms | SEO services | paid advertising | content creation tools | social media management | email marketing software | lead generation services | data analytics platforms | business intelligence software | market research reports
Senior Director of Demand Generation,demand generation | lead generation | customer acquisition | revenue growth | market expansion | business growth | marketing strategy | sales enablement | content marketing | brand awareness,content creation tools | email marketing software | social media management | paid advertising | digital marketing platforms | SEO services | lead generation services | data analytics platforms | business intelligence software | marketing automation
Senior Director of Finance,financial planning | budget management | financial analysis | accounting practices | financial reporting | auditing services | tax compliance | financial forecasting | investment strategy | risk management,accounting software | financial planning tools | tax preparation services | auditing services | financial research reports | market analysis reports | economic data platforms | financial modeling software | investment management services | risk assessment tools
Senior Director of Operations,operational efficiency | process improvement | team management | project management | change management | organizational design | business process | supply chain management | quality control | regulatory compliance,project management software | team collaboration tools | supply chain management services | quality control equipment | regulatory compliance services | business process consulting | change management training | organizational design services | process improvement tools | operational analytics platforms
Senior Director of Strategy,business growth | market analysis | company vision | financial planning | market research | strategic planning | competitive analysis | market trends | industry insights | growth strategy,market research tools | data analytics software | cloud infrastructure | project management platforms | collaboration tools | cybersecurity services | IT consulting | business intelligence software | market data subscriptions | strategy consulting
Senior Director of Legal,compliance management | legal oversight | regulatory affairs | contract review | litigation support | legal research | policy development | risk management | dispute resolution | legal counsel,legal counsel services | compliance software | regulatory reporting tools | contract management platforms | litigation support services | legal research databases | policy management software | risk assessment tools | dispute resolution services | litigation funding
Senior Director of Human Resources,talent management | HR operations | employee engagement | benefits administration | recruitment strategies | performance management | compensation planning | employee development | HR systems | workforce planning,HR software | recruitment tools | performance management platforms | benefits administration services | employee engagement platforms | talent management systems | compensation consulting | employee development programs | HR consulting services | workforce analytics
Senior Director of People,talent development | people operations | employee experience | culture development | diversity initiatives | inclusion strategies | employee engagement | leadership development | organizational design | workforce planning,HR software | talent management systems | employee engagement platforms | culture development programs | diversity and inclusion consulting | leadership development programs | organizational design services | workforce analytics tools | employee experience platforms | people analytics software
Senior Director of Information Technology,IT infrastructure | network security | data management | cloud services | IT operations | cybersecurity | IT strategy | digital transformation | IT governance | system integration,cloud infrastructure | cybersecurity services | IT consulting | network security tools | data management software | cloud migration services | IT project management platforms | digital transformation consulting | IT governance frameworks | system integration services
Senior Director of Information Security,security protocols | data protection | network access | incident response | compliance audits | risk assessment | vulnerability scans | security policies | access controls | information governance,security software | firewall systems | antivirus tools | intrusion detection | security consulting | penetration testing | security training | compliance services | risk management | cybersecurity platforms
Senior Director of Cybersecurity,cyber threats | incident response | security protocols | network access | compliance audits | risk assessment | vulnerability scans | security policies | access controls | information governance,cybersecurity software | firewall systems | antivirus tools | intrusion detection | security consulting | penetration testing | security training | compliance services | risk management | cybersecurity platforms
Senior Director of Data,data management | data governance | data quality | data analytics | data visualization | data integration | data warehousing | data security | data compliance | data architecture,data management tools | data analytics software | data visualization platforms | data integration services | data warehousing solutions | data security software | data compliance services | data architecture consulting | data governance frameworks | data quality tools
Senior Director of Analytics,data analysis | business insights | market research | customer segmentation | predictive modeling | data visualization | statistical analysis | data mining | business intelligence | performance metrics,business intelligence software | data analytics platforms | statistical analysis tools | predictive modeling solutions | data visualization platforms | market research services | customer segmentation tools | data mining software | business insights consulting | performance metrics frameworks
Senior Director of Cloud,cloud infrastructure | cloud security | cloud migration | cloud deployment | cloud management | cloud scalability | cloud reliability | cloud compliance | cloud architecture | cloud services,cloud infrastructure solutions | cloud security software | cloud migration services | cloud deployment tools | cloud management platforms | cloud scalability consulting | cloud reliability services | cloud compliance frameworks | cloud architecture consulting | cloud services providers
Senior Director of Customer Success,customer relationships | success metrics | customer growth | customer support | customer engagement | customer retention | customer satisfaction | customer feedback | customer insights | customer experience,CRM software | customer service tools | helpdesk software | customer data platform | customer analytics | customer journey mapping | customer experience platform | customer feedback tools | customer success platform | customer intelligence
Senior Director of Account Management,account growth | account management | account strategy | account planning | account development | account retention | account satisfaction | account insights | account experience | account performance,account management software | sales enablement tools | account based marketing | sales intelligence platform | account data platform | sales analytics | account mapping software | account performance metrics | account growth tools | sales productivity software
Senior Director of Professional Services,professional services | consulting services | implementation services | training services | advisory services | managed services | outsourced services | professional development | service delivery | service management,consulting software | implementation tools | training platform | advisory services | managed services software | outsourced services | professional development tools | service delivery platform | service management software | consulting platform
Senior Director of Procurement,procurement strategy | procurement planning | procurement management | procurement optimization | procurement analytics | procurement insights | procurement experience | procurement performance | procurement efficiency | procurement savings,procurement software | sourcing platform | contract management tools | procurement analytics | procurement intelligence platform | procurement optimization tools | procurement savings software | procurement efficiency tools | procurement management software | procurement strategy platform
Senior Director of Supply Chain,supply chain management | supply chain optimization | supply chain analytics | supply chain insights | supply chain experience | supply chain performance | supply chain efficiency | supply chain savings | supply chain visibility | supply chain resilience,supply chain software | logistics platform | transportation management system | supply chain analytics | supply chain intelligence platform | supply chain optimization tools | supply chain visibility software | supply chain resilience tools | supply chain management software | supply chain strategy platform
Supply Chain Analyst,supply chain | logistics planning | inventory levels | shipping routes | warehousing costs | transportation modes | demand forecasting | supplier relations | product flow | distribution networks,transportation software | warehousing equipment | inventory management | logistics platforms | supply chain tools | fleet management | route optimization | shipping services | warehousing solutions | inventory tracking
Logistics Analyst,logistics planning | transportation modes | shipping routes | warehousing costs | inventory levels | supply chain | product flow | distribution networks | demand forecasting | supplier relations,transportation software | warehousing equipment | logistics platforms | supply chain tools | fleet management | route optimization | shipping services | warehousing solutions | inventory tracking | logistics consulting
Operations Analyst,operational efficiency | process improvement | cost reduction | productivity metrics | workforce management | resource allocation | project management | quality control | customer satisfaction | service delivery,project management software | resource planning tools | quality control equipment | customer relationship management | service desk software | help desk tools | resource allocation platforms | project collaboration | quality assurance | service level agreement
Inventory Manager,inventory levels | warehousing costs | transportation modes | shipping routes | product flow | distribution networks | demand forecasting | supplier relations | stock management | order fulfillment,inventory management software | warehousing equipment | inventory tracking tools | stockroom solutions | shipping services | warehousing platforms | inventory optimization | stockroom management | order fulfillment software | warehousing consulting
Director of Inventory Management,inventory management | warehousing costs | transportation modes | shipping routes | product flow | distribution networks | demand forecasting | supplier relations | stock management | order fulfillment,inventory management software | warehousing equipment | inventory tracking tools | stockroom solutions | shipping services | warehousing platforms | inventory optimization | stockroom management | order fulfillment software | warehousing consulting
Product Designer,product design | user experience | wireframes | prototypes | design systems | visual identity | branding | layout | typography | color palette,design software | UI kits | wireframing tools | prototyping tools | design collaboration | project management | cloud storage | design assets | brand guidelines | style guides
Senior Product Designer,product design | user experience | wireframes | prototypes | design systems | visual identity | branding | layout | typography | color palette,design software | UI kits | wireframing tools | prototyping tools | design collaboration | project management | cloud storage | design assets | brand guidelines | style guides
Head of Design,design strategy | product vision | design leadership | team management | design process | design standards | brand consistency | design excellence | design innovation | design metrics,design software | UI kits | wireframing tools | prototyping tools | design collaboration | project management | cloud storage | design assets | brand guidelines | style guides
Director of Design,design strategy | product vision | design leadership | team management | design process | design standards | brand consistency | design excellence | design innovation | design metrics,design software | UI kits | wireframing tools | prototyping tools | design collaboration | project management | cloud storage | design assets | brand guidelines | style guides
Vice President of Design,design strategy | product vision | design leadership | team management | design process | design standards | brand consistency | design excellence | design innovation | design metrics,design software | UI kits | wireframing tools | prototyping tools | design collaboration | project management | cloud storage | design assets | brand guidelines | style guides
UX Research Manager,user feedback | research insights | product testing | user experience | design decisions | research methods | user data | product feedback | research findings | design solutions,user testing tools | research software | design platforms | user feedback tools | research equipment | product design tools | user experience software | research services | design research tools | user data analytics
Director of UX Research,research strategy | user insights | product development | user experience | research findings | design decisions | research methods | user data | product feedback | design solutions,research software | user testing tools | design platforms | user experience software | research services | product design tools | user data analytics | research equipment | design research tools | user feedback tools
Head of UX,user experience | product development | research insights | design decisions | user feedback | research findings | product testing | user data | design solutions | research methods,user experience software | product design tools | research services | user testing tools | design platforms | user data analytics | research software | design research tools | user feedback tools | research equipment
Director of UX,research strategy | user insights | product development | user experience | research findings | design decisions | research methods | user data | product feedback | design solutions,research software | user testing tools | design platforms | user experience software | research services | product design tools | user data analytics | research equipment | design research tools | user feedback tools
Vice President of UX,user experience | product development | research insights | design decisions | user feedback | research findings | product testing | user data | design solutions | research methods,user experience software | product design tools | research services | user testing tools | design platforms | user data analytics | research software | design research tools | user feedback tools | research equipment
